,Comment
0,"
    kayıt esnasında email adresinize doğrulama emaili göndermediği için herhangi bir insanın email adresinin kullanılabilmesi suretiyle güvenlik açığına sebep olan tekinsiz alışveriş sitesi.geçen hafta bir ürün için bakınırken trendyol’da uygun gördüğüm için üye giriş yapmadan satın almak istedim. email adresimi ve ad soyad bilgilerimi girince adınıza bir hesap zaten var diyerek beni oraya yönlendirdi. zannettim ki eskiden açtım öyle bıraktım. şifre değiştirme talebi emaili göndererek şifremi de değiştirtti. hesaba girdim girmesine ama bir de baktım ki benle aynı ada sahip başka biri açmış bu hesabı, adresi falan da bambaşka. bu şahıs adaş olduğumuz için benim emailimi muhtemeldir ki kendi emaili olarak hatırlayıp hesap açtı. ne benim güvenliğim ne bu hesabı açanın güvenliği var ortada. her işimiz gibi bu da sakat işte.
  "
1,"
    ben bu mağazadan yıllardır alışveriş yapıyordum, hiçbir sorunla da karşılaşmamıştım o zamana kadar. ne zaman gözlerini para bürüdü. kendi kargo şirketlerine, garip kuponlara sardılar, sildim uygulamayı. hemen hızlıca bir örnek vericem. gönderilen kupon 50tl üstüne 25tl indirim. ürün nokta atışı 50tl, kargo ile 60tl. uygulanan 25tl indirim ile olması gereken 35tl ama kuponu uygula dediğimde ürün 47tl'ye düşüyor. canlı yardıma başvurdum diyor ki ""sepette indirim olmayan ürünlerden alın, bazen öyle hatalar olabiliyor"" afedersiniz ama, bir bu hata benim sorunum değil, ikincisi ise trendyolda sepette şu kadar indirim diye milleti kandırmayan hiçbir satıcı yok.gönderdikleri kuryeler motorlu, 5 yaşındaki çocuğunu arkasına almış kargomu gönderiyor çocuğuyla. öyle saçma bir yer haline gelmiş.işin özü şirketler için ne derler bilirsiniz, büyümek sizi zenginleştirmez, kontrollü büyümelisiniz. trendyol bu pandemi sürecinde bunu becerememiş yegane firmadır. hayır kullanmayın daha iyi rakipleri var diyeceğim ama bu sefer de o firmalar yeni trendyol olacak. pandemide iyi ekmek yediler ama eğer bu durumu düzeltmezlerse, satıcılarını kontrol etmezler ise, pandemi bittiğinde insanlar mağazadan alışveriş yapmaya başlayacaklar. ben uygulamayı iki ay önce sildim. size de aynı şeyi tavsiye ederim.
  "
2,"
    son dönemde yoğun bir reklam atağına kalkmış, yere göğe adını yazdırmış, parayı topluca reklama dökmüş şirket.yaptıkları son derece mantıklı. çünkü ağ temelli teknolojiler tekel yaratıyor. para kazanmanız için en büyük olmalısınız. yeni dünyada ikinciye yer yok. türkiye'de de türkiye'nin amazon'u olma mücadelesi veriliyor. ikinci olan yarışı kaybedecek.https://www.parkersoftware.com/…inner-takes-it-all/
"
3,"
    sipariş verdiğim ürünü bir haftadır kargolamayan satıcı barındıran site. sorun şu ki ben sipariş verdikten sonra, yaklaşık 100 lira zam yaptılar ürüne. bilerek geciktirip sonra da iptal ettirmeye çalışacaklarını düşünmeye başladım. çünkü başkalarına gayet de yolluyorlar, yorumlar akıyor gidiyor. üstelik çoğu soru sorana 1 saat ortalamayla dönüş yapmalarına rağmen bana cevap da yazmıyorlar ve yorumu yayımlamıyorlar. trendyol burada inisiyatifi satıcılara vermiş istedikleri gibi at koşturuyorlar. trendyola yazdım, satıcıya ulaşamıyorum, cevap da alamıyorum. bari siz sorun bakalım nedir bu durum diye. gelen cevap biz satıcıya bir şey diyemiyoruz, yoğunluk var, bekleyin ve türevleri...satıcı kafasına göre zam yapıyor, ben ucuzdan sipariş verdiğim için benim onaylanmış siparişimi belki de kasten göndermiyor, satıcı bana cevap vermiyor ve trendyol da hiçbir şey yapmıyor. şu olay bir çözülsün, bir daha trendyolun yanından geçmem. mis gibi n11 dururken bunlardan alışveriş yapanda hata.duruma göre editlerim. edit1: 28 kasımda sipariş vermiştim. o kadar uğraştan sonra bugün (7 aralık) kargoya verdiler. direkt satıcıdan bir bilgi ya da sorularıma cevap alamadım henüz tabi. ürün elime ulaşsın ona göre de yorum yazacağım buraya.edit2: ürünü aldım. sağ salim ulaştı elimize. geç oldu ve güç de oldu, en azından ürünü beğendik.
  "
4,"
    zincir bir markaya ait iki parça ürün alacaktım ama tutara rağmen kargo bedavaya gelmedi. sonra markanın kendi sitesinden, aynı indirimle kargo bedava aldım ürünü. *
"
5,"
    trendyol dan ikinci defa alışveriş yapıyorum. ilkini 6 ay önce taşındığım zaman yaptım. mutfak eşyaları ve yatak odası için alez , dikiş kutusu aldım.1 hafta önce 9 parça ürün aldım. 6 parçası elime ulaştı. geri kalan 3 ürün kargoya verilmiş. yarın gelir. elime geçen hiç bir üründen şikayetim yok. ne gördüysem o geldi. sadece, dikiş setinin kutusu berbat paketlenmişti o biraz kırık geldi . plastik bir şey zaten. o nedenle çok önemsemedim.velhasılı kelam, aldığım ürünleri piyasa fiyatından çok daha uygun aldım. zamanında geldi. ürünler beklediğim kalitede. burada yazılanlara rağmen alışveriş yaptım. ama korka korka yapmıştım.
  "
6,"
    trendyol satıcısı bir birey olarak, kargo veremiyoruz çünkü kota dolu ve haftalardır böyle.
  "
7,"
    kesinlikle pişmanlık. 20 gün oldu kargom gelmedi. bugün maille siparişime erişemediklerini ve iptal ettiklerini belirtmişler. para iademde 20 güne kadar yapılırmış (oldu mu size 40 gün?!). bundan da banka sorumluymuş blablabla. pekiii bana şunun garantisini kim verecek? : bu trendyol üzerinde satış yapan firmalar ve tabi trendyol da ürün varmış gibi satıp milletin parasını alıp bunu 20-30 gün işletip sonra iade ediyor olamazlar mı? öyleyse hakkım hepsine haram olsun.
  "
8,"
    bunlar neyi amaçlıyor? kapitalizm ötesi bir çılgınlık bunların mevzu. amac ne lan?paranin da ötesi bir amaclari olmalı
  "
9,"
    sorunlu gönderdikleri ürünlerin iadesini çeşitli oyalama taktikleri ile uzatıp iadeyi reddeden alışveriş sitesi. bir daha hiç bir şekilde alışveriş için tercih sebebi olmayacaktır.
  "
10,"
    11 kasım'da, schafer'ın 300 tl olan termosunu, kasım indirimiyle 99 tl'ye sipariş ettim. son teslim tarihi 1 aralık gözüken siparişim hâlâ kargoya verilmedi ve hazırlanıyor gözüküyor. ve şu an ürün tekrar, 380 tl'den satılıyor. sanıyorum ki, bu indirimden pişman oldular ve müşterinin yılıp ""iptal butonu""nu kullanmasını bekliyorlar. bilmiyorlar ki, sonsuza kadar bekleyip o termosu yine de alma konusunda kararlıyım. iptal falan etmiyorum, kimseyle muhatap da olmuyorum. sabırla bekliyorum. isterse seneye kasım ayında getirsinler ama ben o ürünü alacağım. bir kayserili ile dans etmemeleri gerektiğini öğrenseler iyi olur.
  "
11,"
    efsane cuma indirimleri öncesi de dahil olmak üzere kasım ayı boyunca yaptığım alışverişler için kayıtlı mail adresime gönderdikleri tüm efaturaların yalnızca kargo bedeli için kesilmiş olduğu online alışveriş platformu. siparişlerim bölümünde ‘fatura gönder’ isimli bir butonda ayarlamışlar ancak oradan deneyince de ‘fatura bulunamadı’ hatası veriyor. peşine düşüp birkaç önemli ürün için efatura talep ettim, bakalım gönderebilecekler mi duruma göre editlerim.edit: verdiğim tüm çabalar sonucu ilgili fatura mail adresime gönderilmiştir.
  "
12,"
    müşteri ilişkileri anlayışı, müşteriyi değil satıcıyı korumak olan alışveriş sitesi.
  "
13,"
    reklama verdikleri parayla hizmet kalitesini arttırsalar esas reklamı kullanıcılar yapsa çok daha büyük kar edecekler de işte ayıplarını reklamla saklamaya çalışıyorlar sadece.
  "
14,"
    reklam butcesini aciklamasini istedigim platform
  "
15,"
    güvenlik sorunları var. buradan yaptığım alışverişten sonra kredi kartı bilgilerim alınmış ve yine trendyol üzerinden alışveriş yapılmış. iptal edin diye müşteri ilişkilerine bilgi verdim, provizyon numaralarını aldılar ama bakalım ne olacak.
  "
16,"
    kredi kartı borcunuzu 1 ay ertelemek istiyorsanız cüzdanıma 1000 tl( ya da ne kadar istiyorsanız) atın, sonra geri öde yapın, para hesabınıza hemen geçiyo o ayki borcunuz ödenmiş oluyo, not; kartınızın hesap kesimi 5iyse, son ödeme 15siyse bunu ayın 5i ile 15 i arasında yapın
  "
17,"
    valla her sene kara cuma da alisveris yaptigim, baska zamanlarda kullanmadigim internet pazari. bu sene de yaklasik 3000 lira degerinde alisveris yaptik ailecek. termosundan ayakkabisina, kazagindan elektrikli su pompasina kadar diyim. bir tek gec gelen aldigimiz kot pantolonun alisveristen 1 hafta sonra gelmesi oldu. kalanlari 2 ile 4 gun icinde geldi. hele termis vandan gelmis. hayir van amk ne kadar erken gelebilir ki. kisaca bu donemde yani yogun calisilan donemlerde (var mi bilmiyorum) saticilarin gonderecekleri kargo firmalarini da belirtseler de insanlar bir seyleri anladan daha iyi olacak. ben misal mng varsa yokum ki bunu da basligina yazdim. bir de gala gondermedi diyen suserler var, vazi urunleri kendileri satiyor herhalde diye dusunuyorum ben markalardan aldigim icin net bilgim yok ancak yogun olduklarini ayakkabi satisi yapan (buyuk bir firma) firma calisani arkadasimdan biliyorum. sadece cuma gunu 5 saatte 700 uzeri geldi siparis abi dedi. e bunca siparisin ciktisini al urunu bul kontrol et kargosunu hazirla derken siz 1 gunde gelecek diyemezsiniz bence.
  "
18,"
    ayda yılda bir babama doğum günü hediyesi alayım diyerek mayıs ayında trendyol'dan bir skechers beğendim. hatta almışken anneme de alayım diyip iki çift ayakkabı sipariş ettim. satıcı skechers'tı ve fiyatları uygundu. tam 3 hafta kargoya verilmedi ve sonunda siparişi iptal etmek zorunda kaldım. geçenki efsane günlerde de çok beklediğim bir ürün indirime girmişti. alayım dedim. 10 gün falan kargoya verilmedi. satıcı kargoya vermemiş zahmet edip. yine de ucuza aldım iade etmeyeyim dedim ki bugün trendyol tarafından iade işlemi başlatılmış satıcı ürünü kargolamadığı için. ürün de 155 liradan 245'e çıkmış. madem kargolamayacaksın niye satıyorsun? biz de şu zaten pek bir boka benzemeyen kampanya döneminde başka marka ya da başka site, satıcı bulup oradan sipariş verirdik.uygulamasını da sildim. umarım bir daha işim düşmez.şu entry'de aynı durumlar yaşanmış. sizin bir heves, ucuz diye aldığınız ürünün kargoya verilmemesi durumu. (bkz: #116461484)
  "
19,"
    bir yazarın burdan tavsiyesi ile denediğim enfes kahvesini olan e ticaret şeysi.
  "
20,"
    20 gündür kredi kartıma geri ödeme yapmadılar. pazartesi dava edeceğim. öyle rezalet ki arayıp derdimizi sormadılar bile.
  "
21,"
    sokucam efsane indirimlerine her yerde karşıma çıkıyor yeter
  "
22,"
    (bkz: #116518217)
  "
23,"
    abi klasik türk firması. satıcı ya da kargo firması kaynaklı bir problemde ""kusura bamya, elimizden bişi gelmez"" temalı mesajlarını iletmek dışında bir numaraları yok. göt kadar ürün satın aldım, aldığıma pişman ettirmeyi başardılar valla. bir daha buradan alışveriş yapanı siksinler.
  "
24,"
    çalıştıkları reklam ajansları yada kendi reklam departmanları bu ülkeyi çin zannediyor olabilir ama her yerden reklam çıkararak, insanları reklama boğarak türkiye'de ancak ve ancak antipati kazanmış olurlar. burası öyle her piyasaya benzemez. böyle televizyonda ayrı, instada ayrı facebook'ta ayrı bir trendyol reklamına maruz kalan türk insanı size antipati besliyor bilin istedim. ayrıca biz ekonomi tekniği bilgisi bakımından sınıfta kalsak da toplum olarak; ticarî zekâmız vardır. durup da ""ya bunlar bu kadar reklam parasını nerden kazanıyorlar kesin bir piçlik var bu işte"" diyebiliyoruz. o tenezzül etmediğiniz türk iletişim danışmanları bunu size söylemiştir biraz kaale alın.
  "
25,"
    sakin cüzdana para yüklemeyin. ayrıca sakın ola ki teslimat noktası sipariş kampanyasından gelen 20 liraya atlamayın. çünkü tam bir saçmalık. sitede indirim olmayan ürünleri almaya çalışmalısınız. onlar da emin olun sizin istedikleriniz değil. indirimli bir ürüne kampanya uyguluyorum. fiyatı daha pahalı oluyor. hayatımda gördüğüm en rezalet olaylardan biri. abi neden böyle ucuz işler peşindesiniz. neden ya.
  "
26,"
    sipariş verdiğim cihaz başka bir marka geldi. üstelik cihaz bozuk.mağduriyetimi bildirmeme rağmen ilgilenmeyen site.bu siteden alışveriş yapmak istiyorsanız bir kez daha düşünün. sorun yaşarsanız asla muhattap bulamıyorsunuz. bozuk ürüne para ödediğinizle kalıyorsunuz.
  "
27,"
    olmasaymış bu dönemde bilumum şarkıcı, oyuncu, fenomen tayfa aç kalırmış sanırım, reklamını yapmayan kalmadı yukarı kaydır yapan yapana.
  "
28,"
    sana ne şiirler ne şarkılar değil de ne küfürler hazırladım, sevgili trendyol. 15 kasımda siparişini verdiğim ve son teslim günü 3 aralık olan maske siparişimi bir türlü kargoya vermedi. 3 aralık akşamı trendyol asistan üzerinden en kısa sürede siparişimin hazırlanacağına yönelik mesaj içeren kısa bir yazışma yaptım.4 aralık günü müşteri hizmetlerini aradım. robottan insana geçiş yapamadım. mecburiyetten trendyol asistana tekrardan yazdım. oradaki yetkili ile yaklaşık bir saat yazıştım. yetkili sadece benim şikayetimi alarak en kısa sürede ürünün gönderileceğini söyleyebiliyor. çünkü mağaza ile onlar değil trendyolun başka bir birimi iletişime geçiyormuş ve mağazayı uyarıyormuş. olabilir tabii. ""peki, siz diğer biriminize benim ürünümün teslim edilmediğini bildiriyor musunuz?"" diye sordum. ""bizim öyle bir yetkimiz yok, biz sadece şikayetleri alıyoruz."" yanıtı ile bu sohbet tekrar tekrar başa sardı. boşa geçen bir saat.mesafeli satış sözlemesinde firmanın bilgileri var. yalnız bu sözleşmede benim mail adresime kadar bilgiler varken satışı yapan mağazanın sadece adı var. ne telefon numarası ne de mail adresi yazılmış. internetten maskeyi üreten fabrikanın numarasını buldum ve fabrikayı aradım. fabrika satış biriminden birine yönlendirdi. o başka birisine bağladı. konuştuğum kişi maskenin mng kargoya verilmiş olması gerektiğini, bir bakacağını ve bana geri döneceğini söyledi. tabii geriye dönmedi, mng kargoya verilmesi durumu da söz konusu değildi. 4 aralık akşamı maskem yurtiçi kargoya teslim edildi ve bugün elime geçti.ben ürünümü teslim alabilmek için fabrikaya kadar arayacak ve ürünün teslimini sağlayacaksam, trendyol neden var? neden trendyol'dan alışveriş yapılsın?trenyol pişmanlıktır ve kesinlikle tavsiye etmiyorum. ürününüz teslim edilmez ise sakın sorunu ""trendyol çözer."" diye düşünmeyin. para iadesi teklifleri oluyor. onu da trendyol cüzdana aktarıyorlar. paraya da bye bye.
  "
29,"
    trendyol olmasa youtuber tayfa boku yer yatin kalkin dua edin onun sayesinde geciniyorsunuz resmen boyle bi olusum olmasa ac kalirlar ya da cok az kazanirlar
  "
30,"
    hiçbir şey almadığım site. kafam rahat. kargo süresi çok uzun. kargoyu beklemek işkence. kargo geldi diyelim ürün sıfır mı? hasarlı mı hasarsız mı? hasarlı ise veya sorunlu ise iade alacaklar mı? bulaşmadım.
  "
31,"
    reklam için sarfettiği eforu sipariş edilen ürünleri göndermeye yöneltse cidden başarılı olacak alışveriş sitesi ama yok o işlerle uğraşmayı prensip olarak pek tercih etmiyorlar. kara cuma kapsamında sipariş ettiğim dört ürününün ikisini iptal edip birini gönderen firma diğer üründen de hiç haber yok. evrene mesaj göndersem daha kısa sürede bir yanıt alırdım diye düşünmeye başladım. velhasıl yukarıdaki suserin de dediği gibi trendyol pişmanlıktır.
  "
32,"
    başkasının ürünü, benim ürünüme yapışık halde gelmiş. teslim alan ben değil iş arkadaşım olduğu için durumu farketmemiş. trendyol expressten gelen başkasının ürünü bende demek üzere trendyol express'i arayıp böyle böyle dediğimde biz ilgilenmiyoruz çektiler ve trendyol ile görüşmemi istediler. başkasının ürününü bana bıraktıkları için bir de ben uğraşacağım öyle mi? ne haliniz varsa görün lan. nasıl olsa bana ulaşmanın bir yolunu bulacaksınız. kargosu elimde olan arkadaşta rahat olsun kargon bende ama sana hiç bir zaman ulaşamayabilir. üzgünüm.
  "
33,"
    26 kasım'da sipariş verdim.ayın 30'unda, sitesinde ""kargonuzu teslim edemedik."" dedi.aradım sordum ne anlama geliyor bu diye. ""kargonuzu kaybettik, para iadenizi yapacağız."" dediler. 7 aralık oldu, hala hesabıma giren 1 kuruş para yok. tekrar aradım. kargo iade aşamasında, iade alınana kadar paranızı geri veremiyoruz güvenlik için dediler. kaybolduğu iddia edilen kargonun geri iadesi ne oluyor dedim. böyle durumlarda 7-13 gün içerisinde kargoyu geri iade almayı başaramazlarsa parayı her türlü iade ettiklerini, prosedürün böyle olduğunu söylediler. teşekkür edip kapattım.sonuç: bir daha trendyol mu? asla. kaç gündür paramın üstüne yatıyorsunuz şerefsiz oçlar.
  "
34,"
    aynı gün, aynı ürün ve aynı mahalleden verilen iki siparişten, birisi teslim edilirken diğeri sipariş alındı şeklinde bekliyor anlık olarak. şimdi bu mevzunun hiçbir mantıklı açıklaması yok, aklıma tek bir ihtimal geliyor, arkadaşım bu siteyi daha fazla kullandığı için öncelik mi tanınıyor ?
  "
35,"
    black friday günü trendyol pull & bear mağazasından ürün alıp da ürünü teslim edilen var mı merak ediyorum.benim sipariş 11 gündür hazırlanıyor (?).aynı gece markanın kendi sitesinden yaptığım sipariş ise iki günde kargolandı hatta beğenmeyip geri gönderdim, para iadesi bile geldi. tamam yoğunsunuz biliyoruz da bu kadar olmaz ki kardeşim.
  "
36,"
    tüketiciden çok satıcıyı siken platformdur. kendi kendine ürünü iptal edip tedarik edilemedi statüsüne alır, alakası bile olmamasına rağmen ürünlerinizi farklı ebat gönderiminden kara listeye alır. kargo vermeye kalkarsınız kota problemi olur. en sonunda trendyola ceza ödersiniz. (bkz: hayırlı sikişler)
  "
37,"
    tüketiciyi yanıltarak satış yapan mağazaları bünyesinde barındıran ve çözüm üretmeyen, müşteri desteği çok zayıf olan alışveriş sitesidir.ürünün fiyatı, ucuzluğu ya da pahalılığı önemli değildir, önemli olan iş ahlakıdır, etiktir. maalesef hepsiburada, trendyol gibi yerli alışveriş siteleri iş etiğine ve tüketici yasalarına uymamakta, fatura göndermemekte, mağaza açan satıcılara karşı tüketicinin sorunlarını çözmemektedir. rakipleri olan, yurtdışı menşeili, kapitalist, gavur amazon talepleri müşteri lehine çözmektedir ve yaşadığım sorunlarda tarafımı memnun etmeyi başarmıştır. demek ki böyle büyük firma olunuyor. yerli alışveriş siteleri, iş etiğini bu şekilde geri planda tutarlarsa, amazon yakın zamanda kendilerini piyasadan silecektir. ki bu şekilde devam ederlerse, dilerim ki bir an önce piyasadan silinmeleridir. trendyol ile yaşanılan konu basit. ilana yazılmış olan başlık ""1 kg lavazza kahve + 250 gr grand millenium kahve hediyeli"". diğer ilanlardan pahalı olmasına karşın, 1,250 kg kahve geleceği için sipariş edildi. kahve 250 gram eksik gönderildi. şikayet kaydı oluşturdum, eksik ürünü gönderin dedim. ürünü açmayın denildi. haftasonu sokağa çıkma yasağı için almışım kahveyi. nasılsa gönderirler eksik ürünü diye açtım içtim. 1 hafta geçmişti siparişten, yanıt gelmemişti, kahve de gelmedi. ardından bugün yaptığım görüşme sonucunda, bir mail geldi. ""eksik parça yok, ürün ismi yanlış girilmiş"" diye. o zaman yaz ilan başlığına ""cep telefonu"" diye, gönder selpak kağıt havluyu, ürün adı yanlış yazılmış diyerek sıyrıl işin içinden, selpağın da paketini açmışsın iade alamam de. müşteri hizmetlerini tekrar aradım, kendilerine ulaşmak zordur normalde. konuyu anlattım ve tüketici yasası gereği ürünün bedelinde indirim talep ettim. ""kem, küm, yapamıyoruz"" denildi. yasaya göre bu hakkımın bulunduğunu ilettim. ""bugün size yanıt iletildiği için, yeni kayıt açamıyorum, yarın arayın"" diye bir cevap aldım. oh ne güzel dünya, kayıt açmak için bile müşteriyi kısıtla... işi gücü bırakıp kahve parası peşinde gez diyorlar insana... bu kadar baştan savma anlayış ile umarım en yakın zamanda piyasadan silinirler.aydın ağaoğlu gibi hissedip, üç kuruş için tüketici hakem heyetine gidebilirim. böyle böyle adam ederiz belki bunları... ticaret bakanlığı da patrona teşvik dağıtmaktan başka bir göreve haiz değil maalesef...
  "
38,"
    [(bkz: amazon com tr)amazon] ve [(bkz: hepsiburada com)hepsiburada] ile karşılaştırıldığında, müşteri hizmetleri bakımından çok çok zayıf kalan bir site.müşteri hizmetleri ile telefon görüşmesi yapmanız mümkün değil, standart şablon mesajlardan başka cevap almanız da mümkün olmuyor. ha bir de bkz: trendyolun olumsuz yorum kabul etmemesi [(bkz: trendyolun olumsuz yorum kabul etmemesi)şeffaf bir site de değil]. çok elzem değilse uzak durun.
  "
39,"
    bünyesinde dolandırıcı mağazalar barındıran ve de bununla kalmayıp bu dolandırıcıları koruyup kollayan alışveriş sitesidir.yaptığım alışveriş sonrasında düşük model ürün gönderilmesinin ardından müşteri hizmetleri ile iletişime geçtim fakat ürünü iade etmek dışında bir seçenek sunmadılar.kaybettiğim zaman dolandırıcı satıcının yanına kar kaldı.ayrıca bu satıcı ile ilgili aynı durumdan şikayet eden sürüyle olumsuz yorum olmasına rağmen hiçbir şekilde bir yaptırım uygulanmıyor.göz göre göre insanları dolandıran satıcının sayfasında insanlar yanlış ürün gönderildiğini defalarca yazmışlar fakat mağaza halen trendyolda satış yapmaya ve insanları dolandırmaya devam ediyor.yapılan olumsuz yorumların ardından mağaza puanı 7.7 ye düşen satıcı nasıl oldu ise puanını bugün 9.4 e çıkartmış.uzak durunuz.
  "
40,"
    ilk defa buradan alışveriş yaptım.black friday diye bir ürün indirimdeydi. 270'den sepette 110 liraya düşmüştü.çok satanlarda ilk sıraydı,hemen aldım.bugün baktım,aynı ürünü 90 liraya satıyorlar.aldığım şey de daha kargolanmadı. black friday'de aldığınız ürünler ile şimdiki fiyatları bi karşılaştırın. kara cuma deyip şu ürün şu liradan şu kadara düştü, sepette şu kadar deyip geçiriyorlar.
  "
41,"
    kargolari yetismediginde, 50 tllik indirim kuponu tanimlamamak icin, gonderdikleri urunu otomatik olarak iade surecine alip, saticinin arkasinda duran sozde musteri odakli firma. daha oncede kullanilmis bir cihazi itelediler. bu kafayla giderlerse illa biryerlerden acik verecekler.
  "
42,"
    snapchat'e bile reklam vermiş. yuh artık! iyice tiksindirdi kendisinden.
  "
43,"
    daha önce burada ürünü 15 günde gönderdiğini yazmıştım ama bu gecikmeden dolayı, sonraki alışverişimde kullanabileceğim 25 tl indirim kuponunu hesabıma yükleyerek güzel bir jest yapmış sitedir. böyle bir güzellik beklemiyordum açıkçası. teşekkür ediyorum:)
  "
44,"
    canın alışveriş mesajlarının bana gelmesini engelleyemen alışveriş uygulaması.edit: doğrulama kodu da gelmesin bana bir zahmet. sonuçta her hediye aldığımıza tüm alışverişlerimiz böyle mesaj gidecekse ohooo.edit2: küsünce barışmaya da yarıyor bu durum ama olsun gelmesin.
  "
45,"
    tarafıma tanımladıkları hediye çeki ile alış veriş yaptım. alış verişim problemli oldu(hangisi problemsiz zaten?) neyse efenim sipariş iptal edildi bu müşterisini çok seven e ticaret sitesi verdikleri hediye çekini hesabıma geri yüklemiyorlar. maalesef prosedür böyleymiş. alış veriş yapmayın yaptırmayın.
  "
46,"
    sorun çözüm sistemi çok kötü olan site. hep laga luga ve şablon cevaplar... sanırım tüketici hakem heyetine gitmeden müşterinin sorununu çözmeyecekler.
  "
47,"
    trendyol bugün yaşanan güvenlik ihlaliyle birlikte üyeliğimi sonlandırmama sebep oldu ve ayrıca bu bataklığa sürekli düşüp kartımın son damlasına kadar harcıyordum, güvenilir geliyordu. sürekli olarak tükettiğimi ve doymadığımı fark ettim... sürekli gelen indirim bildirimleri hiçbir şeye ihtiyaç duymadığım halde alma hissiyatı veriyordu.sabah 8 sularında bir mail geldi, bir başkasının sipariş maili. bu kadar basit olamaz dedim içimden. içimden demekle kalmadım gerekli yerlere de bildirdim. ek olarak birkaç saat önce üyeliğimi sonlandırdım. bununla birlikte diğer alışveriş uygulamalarını da sildim. umarım işe yarar ve aynı zamanda alışveriş bağımlılığımdan kurtulurum...t: sürekli indirim bildirimi yollayan uygulama.
  "
48,"
    eksik gönderdikleri ürün yerine hediye çeki tanımlamayı defalarca şikayet sonrası yapmış olan sitedir. ancak hediye çeki indirimli ürünlerde kullanılınca indirimsiz fiyattan düşüm oluyor. sitede ise indirimsiz ürün yok. ürün fiyatı şişirilmiş sonradan da yapay olarak indirim yapılmış. bu ürünlerde çek kullanınca indirimli fiyattan daha yükseğe geliyor.yani anlayacağınız üzere, trendyol tamamen yalan dolan bir site... umarım piyasadan tez zamanda silinirler...
  "
49,"
    türkiyeye geldiğimden beri*zorunlu reklamlarına o kadar çok maruz kaldım ki**o mal gibi dans eden kızı ve embesil gibi yürüyen elemanı gördükçe küfür ediyorum. öyle itici bir hal aldı ki bu reklamlar, asla sizden alışveriş yapmayacağım.
  "
50,"
trendyolda satilan bel ustu erkek t shirt başligindaki çag disi yorumlar nedeniyle bahsi gecen urun kara listeye alinmis. bu hareket; dislayici ve asagilayici dili desteklemektir. insanlarin ne giyecegine karisma curretini kendinde bulan bu siteden alisveris yapmaya bir ozur gelene kadar son veriyorum.
  "
51,"
    reklama para harcayacaklarina yogunluk sebebiyle olusan is yükü icin fazladan eleman alsalar keske. 40 yilda bir indirimden ürün alayim dedim, 20 günde geldi onu da yanlış göndermişler. son alışverişim olsun.
  "
52,"
    feminen diye tişört kaldıran marka.
  "
53,"
trendyolda satilan bel ustu erkek t shirt başlığındaki homofobik entry’lerin gazına gelip callback’i kara listeye alan kuruluş. bu çağdışı ve onur kırıcı kararlarından en kısa zamanda özür dileyerek geri döneceklerini umuyorum.
  "
54,"
    canlı yardım/asistan uygulamasının, mailden farksız olduğu bir online alışveriş platformu. derdinizi detaylı anlattıktan sonra bunun firmaya iletileceği size söylenerek konuşma sonlandırılır ve sonuca ulaşmadığı halde, asistan hizmetini konuşma sonunda değerlendirmeniz beklenir. bir gün içinde ya da sonra tarafınıza mail yoluyla cevap oluşur ve sonuç hep olumsuzdur, en azından benim için ikide iki oldu şu ana kadar ve güvenirliğini yitirdiği için üçüncü olmayacağını sanıyorum. tarafınıza belirli bir tarihle sınırlı size özel kuponları önce tanımlayıp sonra süre dolmadan iptal edip, sonra da sürenin dolduğu yönünde cevap gelebilir mesela. en komiği de kendinizi tarihleri bilecek kadar ayık ve kendinde olduğunuzu ispat etmeye çalışır halde bulmanızdır.
  "
55,"
    `bi poşet düşünün ki emenems ve ıspanak aynı poşette`o emenemsin de ıspanağın da allah cezasını versin. reklama ayırdığınız bütçeyi kalite yükseltmeye ayırın ulan biraz. bir alışveriş yaptım, sözde trendyol express ile gidiyor. bi de banliyöyle falan gitse (iğrenç espri) 3 ayda gidecek sanırım. 3 gündür kargom ikitelli şubesinde. çok sevdi galiba orayı. çinliler aliexpress muamelesi yapmaya başladılar iyice bu uygulamaya. sevgilimin doğum günü için hediye almıştım. almaz olaydım. kendim yürüyerek götürsem daha hızlı verirdim kızın hediyesini. normalde yerli muadilini kullanırım. ne kadar doğru bir iş yaptığımı tekrar anladım. nedense kadınların çok sevdiği (influencerlar yüzünden sanırım) ama arayüzü hariç pek de bir numarası olmayan, emenems ve ıspanağı aynı poşete koyduğu o gıcık kızın reklamıyla bizi bayan alışveriş sitesi/ uygulaması.
  "
56,"
    dolandırıcı firmaları göz göre göre bünyesinde barındıran firma, üstelik sahte yorumlarla kullanıcının yönlendirilmesini de teşvik ediyorlar. son çakma mal satanlara değil, kendi malını satanları cinsiyetçi tutumla kara listeye alıyorlar. azıcık aklı çalışan bu platformdan birşey almaz, bunlar da sahtekarları ve bunlara para vermeye razı tayfayla baş başa kalırlar. ondan sonra köt tuttuğunu topal denk getirdiğini öper bizi de bağlamaz. hem böylece her köşe başından fırlayan, o iğrenç reklamlara da maruz kalmayız.edit: ha ayrıca iyi bir bok gibi, pandemi döneminde milletin hayatını kurtardıklarını iddia ediyorlar, ulan sanki babasının hayrına iş yapıyorlar, dünyanın komisyonunu alıyorsunuz, asıl sizin hayatınız kurtuldu pandemide. şiştikçe şiştiniz.
  "
57,"
    ellerinde olmayan stoğu indirim varmış gibi satan, gelecek derken, iade derken bir ay kadar bekleten firma.bu şekilde hiç olmayan ürünler için milyonları hesaplarında tutuyorlar demek.
  "
58,"
    bir üstteki yazara katılıyorum. stokta olmayan ürünü satışa sunup sipariş alıyorlar. siz ""siparişiniz hazırlanıyor"" yazısıyla avunurken paranızı işletiyorlar.
  "
59,"
    kendi mağazamda haftasonu güzel indirimler yapmayı planladığım site. tekrar söylüyorum yapılan indirimler ve kargolama butiklerin kontrolünde. yaşanan aksaklık ve indirim oyunları butikler yapıyor.
  "
60,"
    bazılarınız birşeyi unutuyor trendyol ürün göndermiyor oraya kayıtlı dükkanlar firmalar şahıslar ürünler gönderiyor sorunu onunla yaşıyorsunuz
  "
61,"
    pek çok kişinin de değindiği gibi ellerinde olmayan ürünleri sattığı yetmezmiş gibi nasıl oluyorsa kargoya verildiği iddia edilen ama kargo takibe girdiğinizde ""ürünün tedarik edilmesi bekleniyor"" yazısı çıkan ve bu sebeple siparişi ne iptal ne iade edebildiğiniz e-ticaret şeysi.
  "
62,"
    musteri destegi berbat ve mobil uygulamasi buglarla dolu olan rezalet otesi bir alisveris sitesidir
  "
63,"
    müşteri desteği berbat değildir, yoktur efenim. ürünle ilgili yaşadığınız en ufak sorunda saç baş yolduran firmadır kendileri. ha sizin saçınız çoktur bilemem. 3 kuruş ucuz diye bunlardan yazın ve kasım ayında iki defa ürün aldım. kafayı yedirttiler. bir daha asla.
  "
64,"
    sahtekar instagram alışveriş sayfaları çoktan yerini almış trendyol'da. adamlar çakma nike, puma, adidas, columbia, under armour falan satıyorlar ve kimse sesini çıkarmıyor. para için anasını boyar babasına geri satar bunlar. tamamen rezil bir oluşum olup çıktılar, helal valla.
  "
65,"
    yaklaşık 20 dk önce enpara kartınız ile bilmem ne tutarında alışveriş için şifreniz minvalinde bir mesaj aldım. alışverişin yapılmaya çalışıldığı site trendyol, girip hesabımı kontrol ettim, her hangi bir ürün almaya çalışılmamış. kartım kayıtlı bile değil. bankayı arayıp iptal ettirdim kartımı. trendyol’u arayıp mesajda yazan referans numarasından ne alınmaya çalışıldığını öğrenmek istediğimi söylediğimde bunun imkansız olduğunu söylediler. bu referans numarası bir işe yaramıyormuş, ara sıra “sistemin yoğunluğundan” böyle şeyler olabiliyormuş. yani kısaca konu şuraya geldi, birisi kendi kartıyla kendine ürün almaya çalışırken onay mesajını ben alıyormuşum. akşam akşam tansiyonumu yerle bir etti, zaten götümüzde ayı bağırıyor. bir de bunların aymazlıklarıyla uğraşıyoruz.
  "
66,"
    yaşadığım deneyimi yazacağım, bir tane subjektif yorum katmandan. isteyene kanıtlarını görsel olarak atabilirim.amazon’dan 29 kasım’da aldığım ürün 10 gün sonra amazon tarafından keyfi iptal edildi. amazon iptal ettiği için trendyol’dan sipariş ettiğim ürün 1 saat sonra kargoya verildi. not: normal düz vatandaşım kimsenin reklamını yapmıyorum, hiçbir siteden para almadım.
  "
67,"
    eger ki size de trendyol market uygulamasindan indirim kuponu geldiyse ve bunu kullanma gafletine dustuyseniz, ustelik siparisiniz iptal ! olmus ise, hesabinizi guvenlik!! sebepleri ile askiya alan ve cozum olarak da yeni hesap acmanizi oneren e-ticaret sitesi. he ustelik asistan diye bir chat uygulamasi var oradan iletisime geciyorsunuz herhangi bir sekilde birisiyle konusmak ne mumkun !!musteri iliskileri/sikayet yonetimi sureclerine yatirim yapmalari gerekiyor bence her allahin gunu kampanya cikana kadar :)hizli kosan atin boku seyrek duser misali buyuyecegiz diyerek eldeki musterilerden oldular.
  "
68,"
    kendisinden toplamda 2 kez alışveriş yaptım. 1'inde ise çakma ürün yollandı ve mağdur edildim. (daha sonra buraya 2 kez yazdım ve çözüldü)göz göre göre çakma ürün yollanmasının bir kontrol mekanizmasının olmadığını gördüm ve ekşiye koştum. baktım herkes eleştiriyor, iyi güzel dedim artık insanlar buranın ne boktan bir yer olduğunu biliyor.ama sonrasında durumun öyle olmadığını anladım. bu siteden o kadar ama o kadar çok alışveriş yapılıyor ki haliyle eleştiri de fazla oluyor. siteye koyan hiçbir şey yok, inanılmaz satıyorlar. sorunumu tamamen çözmelerine rağmen siteden çok soğudum (bunda reklam kampanyalarının da rolü var) ve bir daha hiç alışveriş yapmadım. çakma gönderilen ürün ilgili alandaki en çok satan üründü ve muhtemelen kimseye iade yapmıyorlar.(benimki de kabul olmadı, sonra ekşiye yazınca hallettiler)trendyol artık selpak gibi bir şey olmuş. online alışveriş=trendyol seviyesine geliniyor. alışveriş çılgınlığı ve vasatların prim yapması hoşuma gitmiyor. bu entrinin hiçbir yazılma amacı yok. neyi anlatmaya çalıştığımı da çözemedim.*
"
69,"
    canlı yardımında çalışan bir kısım agent'ı personel mi chatbot mu anlayamadım.bence yapay zeka konusunda ileri gitmiş olabilirler. yada personelleri seçerken özellikle düşük zekalı insanlar seçiyorlar böylece bizi gerizekalılarla muhattap olmaya alıştırıp sonra chatbot'la değiştirince farketmemizi engellemeye çalışıyor olabilirler.hayatımda ilk defa acaba bir chatbot'la mı konuşuyorum diye şüpheye düştüm. tam 30 dakika boyunca baştan beri yazdığım şeyi anlamayan ve bana aşağı yukarı aynı cevabı defalarca yazan bir chatbot olabilir dedim ama insana da benziyordu.çünkü konuştuğum kişi muhtemelen bir mankafaydı fakat değilse de yapay zeka chatbot konusunda ilerlemiş olsalar da henüz okuduğunu anlayan bir insana çok uzaklar.
  "
70,"
    bir aydır gelmeyen siparişin nerede olduğunu bulamayınca, size sormadan iptal ediyorlar. iptal etmek istesem bir ay boyunca gelmesini niye bekleyeyim. ücret iadesi ürün teslim edilince yapılacakmış. kayıp bir kargonun iadesi mümkün olmadığı için hem param hem vaktim yandı. sorunu bildirdiğinizde karşı taraf sizi kesinlikle anlamıyor. sadece özür dilemeyi öğrenmişler. tüketicinin sorununu istediği gibi çözen bir site
  "
71,"
    29 ekim tarihinde yaptığım ve adrese teslimat yapamıyoruz diye iptal ettikleri market alışverişi tutarının üzerine yatmış alışveriş şeysi. allah’tan, ilk kez denemek için elli lira civarı bir sipariş oluşturmuştum da üzülmedim. tek diyebileceğim haram olsun.
  "
72,"
    bir ürünü almadan önce yorum kısmına bakmak istediğimde bana kafayı yedirten site. şöyle ki az önce dekoratif bir ampul için yorum yapan biri ""aşırı aydınlatıyor buna göre alın"" derken diğeri ""hiç aydınlatmıyor iade edeceğim"" yazmış. giyim konusu da aynı şekilde biri muhteşem diğeri kalitesiz diyor. yada biri bedeninizden bir büyük alın kalıbı büyük yazarken diğeri tam beden alın diyor. yorum konusunda ciddi saçmalıklar var satıcıların farklılığından mı kaynaklanıyor anlamıyorum.
  "
73,"
    hala yayınladığı yorumları baz alan yazarların olduğu butikten bozma site.yorum rezaleti : trendyol yorum yayınlamama rezaletidiğer rezaletleri için: googlehayır o kadar çok rezalet başlığı açıldı ki anca google paklıyor ve sözlük için konuşuyorum diğer forumları ya da şikayet sitelerine girmedim bile.. neyse alışverişe devam.. ^^
  "
74,"
    onlarca yazılımcısı bulunup hala email değiştirme özelliği bulunmayan alışveriş sitesidir. email'e erişimim yok denince hesabınızı silelim bir daha hesap oluşturun diyorlar. daha ilkel bir çözüm yok muydu? siz direkt bana özel alışveriş sitesi yazın üye girişi falan da olmasın bari. tek başıma takılayım sitede. böylesi daha ilkel.bir kişi de çıkıp demiyor biz ne yapıyoruz 2020 yılındayız bu özellik nasıl olmaz diye. umarım yakın zamanda daha başarılı bir ekip daha iyi bir vizyon ile ortaya çıkıp tarihe gömer bu kullanışsız platformu.
  "
75,"
mavi reyon isimli firmanın tüketicileri dolandırmasına çanak tutan online alışveriş sitesi.ürünü göndermemişler diyorum, gönderirler bekleyin diyorlar. ürün gönderiliyor kapıma gelmeden iade oluyor (muhtemelen ortada ürün yok sadece fatura kesilmiş) ücretinizi iade ederiz diyorlar.1 ay beklediğim ürün gelmediği gibi param da gasp edilmiş oluyor. sizce bu mağduriyet 'parayı iade et kurtul' yöntemiyle halledilebilir mi? tüketici mahkemesine başvuracağım.edit: kargo şubesine gitmeme rağmen kargom bana teslim edilmedi, evinize getireceğiz denip gönderildim ve ertesi gün iade başlattılar. trendyol bana ulaşıp ücret iadesi dışında hiçbir şey yapamıyoruz dedi. suç duyurusunda bulunacağım.
  "
76,"
    her yerde reklam ama her yerde artık gına getirdi anladık reklam bütçeniz ve bununla beraber kazancınız zaten iyi ,de belgesel izlerken yavan yavan konuşan bir kadının çıkıp ,trendyol marketten sipariş verdim ıspanak içine de m&m şeker koymuşlar nedir kardeşim ,artıyor mu böyle satışlar .
  "
77,"
    hızlı market uygulamasını ile market alışverişi yapabileceğinizi sandığınız ama yapamadığınız site..siparişi veriyorsunuz. ürün ellerinde olmadığından dolayı, tabi bu benim tahminim, siparişi bana sormadan iptal ediyor bu site.e kardeşim. ürün elinde yoksa neden bu ürünün siparişini verebiliyorum ben. müşteriyi mağdur etme konusunda üstünüze yok maalesef.tanım: rezil şirket.
  "
78,"
    asla ve asla bir daha alışveriş yapmayacağım site veya uygulama. 20 gündür kargolanmayan ürün icin 3 defa yazdım, gecikebilir daha zaman var diye geçiştirdiler. diyorum ki adam 50 lira fazlasına koymuş çatır çatır satıyor stok sorunu yok, benim ürün hala kargolanmadı, diyorlar ki yollar ya acele etme. lan 20 gün geçmiş 20! üstelik teslim edilecek son tarihi de geçmiş daha neyin zamanı?yemin ederim 5 kuruş fazla olsun amazon veya hepsiburada olsun. başlarım böyle işe. trendyol, bir daha dönmemek üzere uygulamayı da hesabımı da silerek gidiyorum.
  "
79,"
    (bkz: hepsiburada yüzünden eğitimime devam edemiyorum) birbiri ile aynı desene sahip halı örtüsü, kırlent kılıfı ve lambader aldım. halı örtüsü üç günde, kırlent kılıfı üç haftada geldi, lambader ortalıkta yok ( baba akü komple yok), üç kuralı var sanırım, lambader de üç ayda gelecek. ben şimdi trendyol'a ne diyeyim? üç günde yollayan firma nasıl yolluyor? lambaderi kargodan takip ediyorum, mersin'in her ilçesini gördüm takipte, en son toroslar'da idi, şıllık lamba şimdi nerede geziyor hiç bilmiyorum, umarım sonu anamur olmaz, olursa da muz serasına çıta yapsınlar amk..
  "
80,"
    (#116820380) daha önce girdiğim entry ye istinaden;belirttiğim ürün daha sonra stokta görüp tekrar sipariş verdiğimden dolayı bana dolandırıcı muamelesi yapan site.sonrasında, daha önce verdiğim siparişler iptal edilip, hesabım dolduruldu.müşteriye dolandırıcı muamelesi yapmadan önce sistem açıklarının düzeltin.
  "
81,"
    2 haftadan fazla zaman geçti kargomun kaybedilmesinin üzerinden.93tl 36 kuruşum nerede ulan allahsızlar! hani iade edecektiniz! siteniz üzerinden 1 kuruş daha harcarsam dünyanın 4 milyar erkeği gelsin beni siksin ( ""su anda calan sarki"" nickli yazar hariç), 4 milyar kadını da straponla gelsin. uzaylılar varsa onları da getirin.1-siz, 2-aras kurye.rica üzerine edit: ""su anda calan sarki"" nickli yazar gelmek istemiyormuş. geri kalanlar gelebilir hala.
  "
82,"
    geçmiş olsun kargoları eksprese vermeyip sürat'a ptt'ye aras'a verdikleri için 1 aydan önce gelmez kargolar artık. böyle bi mallığı trendyol'dan beklemezdim.
  "
83,"
    iade işlemlerinde problem çıkartan firmadır. iade işleminiz 2-10 gün içerisinde gerçekleştirilecektir denilip ilgilenmiyorlar. müşterilerini oyalama politikalarından vazgeçmeleri tavsiye olunur.. alternatifi yok değil....
  "
84,"
    edit 1: ürünlerimin geri gelmesini umutla beklerken kaybolan ürün adedim 70 lerden 90 lara yükseldi.sistem kendini düzelteceği yerde daha da bozmaya başladı. klasik bu haftasonu 12-14 aralık indirimler vardı. indirimler kalkti ve hadi geçmiş olsun, zaten 70 ten fazla ürünüm kayıptı sistemde simdi 90 kusur ürünüm kayboldu. millet gider mersine, trendyol gider tersine..satıcısına sahip çıkmama rezaleti. trendyol’da satıcı olmak gerçekten büyük sabır istiyor. teknoloji ekiplerinde kaç çalışanları var tam bilemiyorum fakat sistemleri tam bir çöp!!ürün yüklerden veritabanından seçtiğin marka onaylanıp satışa sunuluyor (aksilik olmazsa en iyi ihtimal 5 gün) fakat o markayı trendyol uygulamasında arattığında ürünler yok gelmiyor, o marka ürün satanların işi allaha kalmış oluyor böylece.(ör. police marka güneş gözlüğü)satıcı panelinde raporlar ve bilgiler var ama 1 tanesi bile doğru rakamı göstermez mi? eğer orada yazan rakamlara göre mağazanızı yönetiyorsanız vay halinize. ürün yükledin fiyat girdin, bi bakıyorsun ürün kara listeye girmiş. neden? fiyat çok yüksekmiş..!! önce bi bildirim bi mail bi uyarı gönderirsin, fiyat yüksek gibi kontrol edin dersin ama yok çaaatt kara liste. sen dövizle alınan bir ürünün fiyatını hangi kritere göre yüksek buldun? benim kaça aldığımı? bana kaça mal olduğunu? nerden bilebiliyorsun? oldu olacak biz ürünü yükleyelim siz bi fiyat biçin satarsanız bize paramızı gönderirsiniz ..!!kampanyaya katılın diye mail gelir bildirim gelir kampanyadan 3-5 gün önce, kampanya katılımı için panele gidersin kampanya yok veya seni kabul etmiyor. hemen bildirim açarsın katılamıyorum kampanyaya, sorun nedir diye, sana cevap kampanya bittikten 11 gün sonra gelir :))gelelim en skandal probleme, trendyolda sürekli görürsünüz sepette %10 %35 ..vs gibi indirmler vardır. bu indirimlerin bazılarını satıcılar yapar, bazılarını satıcılar kampanyalara katılarak yapar, bazılarını da trendyol kendi komisyonundan fedakarlık yaparak ürünlerin satılması için sana haber vermeden yapar. buraya kadar kampanya olaylarında sıkıntı yok. ammmaaaa kampanyanın süresi bitti mi, ürüne uygulanan o indirm oranı kaldırılacak oldu mu işte skandal orda başlar. gece yatarken mağazanda 150 ürün vardır, sabah bi uyanırsın mağazanda 23 ürün var!! sisteme bi girersin hakketen satışta 23 ürün vardır. hee sanmayın ki bi gecede 130 ürün satıldı, trendyolun muazzam sistemi kampanyayı kaldırırken senin ürünlerini de ""tükendi"" durumuna düşürür. senin ürününde stok miktarı en az 1 dir yani satışta olması gerekirken muazzam trendyol sistemi senin ürünlerini yok eder. hadi bakalım bildirm açarsın durumu anlatırsın, ertesi gün aksiyon alınacak en kısa zamanda diye otomatik yanıt gelir sırf bildirim kapatma süresi uzamasın diye, ama tabiki de senin ürünler gelmez. 3 gün geçer 5 gün geçer yine gelmez ürünler bir bildirim daha açarsın ona da ertesi gün aynı otomatik cevap gelir ama ürünler yine gelmez. ürünlerinizin mağazanızda tekrardan satışa sunulacağı günü kimse bilemez. teknoloji ekibine burdan selam olsun...!!daha anlatılacak çok sıkıntılar var trendyol satıcı panelinde ve sisteminde ama hangi birini yazayım.
  "
85,"
    kizkardeslerimin trendyol elite(belirli tutarda alisveris yapanlara sunulan ayrıcalıklı üyelik gibi bir sey) olmak için kastığı hesabı tam da elit sınırına gelince şüpheli kupon kullanımı sebebiyle bloke eden alışveriş sitesi. şüpheli kupon kullanımı dedikleri de kizkardesim, öğrenci kardeşimize kuponu sen kullan diye vermiş. şifre ona gelecek sandıkları halde bana gelmiş ben geç gördüğüm icin kullanılamamis olması. müşteri hizmetleri potansiyel suçlu muamelesi yapıp kızın hesabına çöktü. geri de açmıyor, tavsiye etmiyorum. zaten kargo süreleri 15-20 gunlere dayanmış. bir de bu ali cengiz oyunları vs hoş değil.
  "
86,"
    siparişten sonra satıcıya sorduğum ""kargoya ne zaman verirsiniz?"" sorusunu kriterlere uygun olmadığı gerekçesiyle yayınlamayan site. bakın kötü yorum falan demiyorum bildiğin düz soruyu da yayınlamıyorlar artık.
  "
87,"
    var bu ara bir anormallik. annem için beğendiğim bir tabloyu sipariş ettim. ancak 10 gün geçmesine rağmen kargoya verilmeyince siparişi iptal ederek tekrardan sipariş kaydı oluşturdum. bu kez siparişim 3 ya da 4.gün kargoya verildi. aman tanrım o da ne. 10 gün geçmesine rağmen kargo bana bir türlü ulaşmıyor. hatta kargo detaylarına baktığımda orada bile ulaşmayan kargo yazmışlar. yani beni değil kargonun teslim edileceği kargo şubesine ulaşamamışlar evde yokalrdı herhalde. sonuç iade prosedürü uygulandı ve 3 günün sonunda bugün hesabıma param geldi. ama ben akıllanmayan saftirik ben ne mi yaptım. bu kez yine trendyoldan ancak bu kez farklı bir mağazadan başka bir tablo siparişi verdim. inanıyorum gelecek.
  "
88,"
    yavaş yavaş kullanmayı azalttığım site.fiyatlar arasında uçurum yoksa ürün fiyatı daha pahalı bile olsa amazon ve gittigidiyor'u tercih etmeye başladım.kaç defadır siparişimi veriyorum 10-15 gün bekletip, siparişimi iptal edip para iadesi yapıyorlar.hem boşu boşuna beklemiş oluyorum hem de bu arada ürün fiyatları artıyor.ürün gönderilmedi, para iadesi yapıldı tarzı yaşadığım süreci anlattığım yorumlar yayımlanmıyor, satıcıya gönderilen mesajlarım reddediliyor.
  "
89,"
    trendyol marketten sipariş verdim ıspanak ve m&m aynı poşette. reklamin güzelligine mantıgına bi bak ya. böyle yaratıcı bi reklamdan sonra bana düşen hemen 100.000(yüzbin) liralık alışveriş yapmak
  "
90,"
    n11, hepsiburada'da yaşanan rezaletlerden sonraki durak trendyol oldu. 27 kasımda kredi kartından cüzdana 80 tl aktardık sonra vazgeçip geri kredi kartına yolladık ama akü yok şarjı falan mı bitmiş dedik ama yok işte para. ziraat bize gelen yok diyor. daha önceki iadeler gelmişti ziraate ondan şüphem yok. ama trendyol inatla biz gönderdik ne bok yersen ye diyorlar resmen. paraya çökmüşler. kendi hesabımdaki iadeler jet hızıyla yapılırken eşimin hesabındaki iadeler gelmiyor. nasılsa kadınlar takip etmez diyip resmen paraya el koyulmuş. paraya çökmüşler demiş miydim? üç ayrı hesaptan onlarca sipariş olmuş ama tesadüfe bak ki rezalet olan eşimin hesabı. ha bundan sonra trendyolla işimiz olmaz inşallah. amazonla gittigidiyor kaldı rezalet yaşamadığımız yerler. sorunun çözümü için 5 kere ziraat, 6 kere trendyol asistanla görüştük ama sonuç sen o parayı unut diyorlar. kısaca cüzdanı kaptırmayın dikkatli olun derim.
  "
91,"
    aşırı amatör ve saçma sapan bir uygulaması olan berbat bir alışveriş sitesi.
  "
92,"
    ciddi ciddi burayı kullanıyor musunuz? gidin şehrinizdeki bit pazarı / sosyete pazarını gezin.
  "
93,"
    yemek bölümünde ilk 3 siparişe yüzde30 indirim yapıyorlar. indirimi kendileri karşıladığı için yemeksepeti ve getiryemek gibi kebapçıların malzemeden çalarak ve normal fiyatlatı şişirerek yaptıkları sahte indirim değil, gerçek indirim oluyor.ama ilk 3 siparişten sonra da kullanmaya devam edermiyim bilmiyorum.
  "
94,"
    sattığı ürünle ilgili yanıltıcı bilgi veren satıcısı yüzünden müşterisini mağdur eden firma. ben buradan office 365 aldım, kutulu olarak. amacım, yıllardır var olan microsoft office ve onedrive hesabımı bir yıl daha uzatmaktı. fakat satıcı, ürünü kargolamak yerine bana yeni bir office hesabı ve şifresi gönderdi. böyle olacağını bilsem kesinlikle almazdım. ""neyse ki trendyol müşteri hizmetleri bana yardımcı oldu ve mağduriyetimi giderdi"" diyeceğimi sanıyorsanız, fena halde yanılıyorsunuz. kendileri, bana ürünle ilgili hesap bilgileri gönderildiği için sipariş iptalinin söz konusu olmadığını, ödediğim ücretin de iade edilemeyeceğini söylediler. yapabilecekleri bir şey yokmuş, ödediğim para boşa gitmiş anlayacağınız. çok güzel, değil mi? ürünü, verilen bilgilere güvenerek alıyorsunuz ama orada yazanların aslı astarı yok. ayrıca ürünü alırken ""15 günde iade"" ibaresi vardı, şimdi bakıyorum, onu da kaldırmışlar. evet trendyol, bu seninle son alışverişimiz oldu. siz de lütfen ürün alırken, ürünle ilgili yazılmış bilgilere güvenmeyin, yanlış bilgi yazılması durumunda satıcının hiçbir sorumluluğu yok trendyol nezdinde, olan müşteriye oluyor.edit: buraya yazdıktan sonra 24 saat geçmeden sorunumu çözüp paramı iade ettiler, bunu beklemiyordum ve tüketici hakem heyetiyle falan uğraşırım diye düşünüyordum açıkçası, takdir ettim.
  "
95,"
    paylaş kazan kampanyasından kazanmam gereken 75 liralık kuponu yatırmayan firma.mevzu şu: bir ürünü favorine alıyorsun, arkadaşına paylaşıyorsun, o satın alırsa ürünün %5’i sana yansıyor. arkadaşımın aldığı ürünün %5’i 75 lirayı aştığı için 75 lira almam gerekiyordu. ancak trendyol paramın üstüne yattı.hele bir de “aynı ip üzerinden almışsanız kupon tanımlanmaz.” demeleri var ki çıldırdım. dolandırıcı iması bu kadar kolay yapılmamalı, yazıklar olsun.“iyi dolandırmalar dilerim” yazıp kapattım en son müşteri temsilcisiyle yaptığım görüşmeyi. yattıkları yerden kalksalar paramı alabileceğim ama yatıyorlar işte!sonra neden amazon?.. işte bu yüzden amazon.
  "
96,"
armonika dan iki tane kazak soyledim soylemez olaydim. 2 hafta oldu hala kargolanmadi. ocaga kadar kargolarlar diyo trendyol. bu ne abi ya parayi pesin kes kargo parasi al ama bi ay sonra urunler yolla.valla trendyolda kazak satmak varmis he.edit: dun musteri hizmetleri aramisti bugun urunler kargolandi. yine sendeyiz trendyol tesekkurler..
  "
97,"
    her gün buradan entry girmeme sebep olan rezil site. (#116835350)müşterisine dolandırıcı muamelesi yapan site... daha önce sipariş verdiğim ürünleri iptal eden site (ürünlerin fiyatı şu an değişmiş durumda)... müşteri temsilcisi ile görüşünce size hemen dönüş yapacağız deyip, bir daha geri dönmeyen site... 43 gün önce aldığım ürünle ilgili sadece ""beklemede kalın"" diyen site..rezalet bir site. alternatif sitelerinden alışveriş yapılıp, kapısının önünden bile geçilmemesi gereken site...
  "
98,"
maviburada diye bir dolandırıcı satıcı 3 lu deodorant kampanyası yapmış fiyat da uygundu aldım,1 adet göndermiş.eksik ürün bildirimi olarak trendyol müşteri hizmetlerine dönüş yaptım,tam tahmin edeceğiniz gibi müşterisinin arkasında durmadı.satici herif adet fiyatını yanlış girdiğini eksik ürünü tamamlayamayacagini belirtmiş bu güzide aracı firmamız da arayıp bana bunun bilgisini veriyor.resmen dolandırıciliga arka çıkıyor.burda bı sürü şikayet var evet ama bu da aklınızda bulunsun,5 tl ye bile koysa maviburada denilen satıcıdan ürün alıp mağdur olmayın suserlar
  "
99,"
    önceden aldığım elbiseleri şimdi yarı fiyata görüyorum. içim bi cız oldu. -emenems... emenems... başlarım sizin emenems bilmem neyinize karşıma çıkıp duruyor bu reklam sinirleniyorummmm geriliyorummm
  "
100,"
    paylaş kazan kampanyası yapıp, müşterileri alışveriş yaptırıp, kuponları yatırmayan site. tüm şartları yerine getirsende kuponu yatırmıyorlar. peki siz bana kuponu vermeyeceğiz deseniz ben sizden alışveriş yapar mıydım, hayır, yani ""yalan"" ya da ""dolandırıcılık"" diyebileceğimiz yöntemler bunlar.bize gelip trendol başlığında amazon mu övelim
  "
101,"
    dinamiklerini bilerek alışveriş yapılması gereken sitedir.en azından tekstil ürünlerinde bildiğiniz bir marka ya da daha önce alışveriş yapıp kalitesinden memnun kaldığınız bir satıcının dükkanı dışında alışveriş yapılmamalı zira bu şekilde yaptığım alışverişlerin tamamında, ödediğim fahiş fiyatlara rağmen elime ulaşan her giysi dandik birer iç piyasa ürünü çıktı. çoğu satıcı, inditex zincirinden olan mağazalarda ödediğiniz etiketlere yakın fiyatlandırmalar yapıp garip kesimli ve berbat kumaşlı giysiler gönderiyor. pandemi nedeniyle aldığım giysileri yıkamadan denemeyerek iade seçeneğini baştan elemiş ve sağlam kazıklanmış biri olarak tavsiye edebileceğim tek şey bu. trendyol bir tekstil mağazası olsaydı ona kalite konusunda laflar hazırlayabilirdim ancak değil. yine de ciddi bir denetim sorunları olduğu bir gerçek- hatta böyle bir mekanizmalarının olduğunu bile zannetmiyorum. bu yüzden siz yine bildiğiniz markalardan şaşmayın derim. sonuçta kumaşı elinle yoklayıp yeri iyiymiş diyemiyorsun yani.
  "
102,"
    efendi gibi bir kolyenin altına yapılan yorumları okuyordum. gece gece denk geldiğim yoruma bak.""ürün çok güzeldi sevgilime almıştım şimdi başka erkekler için takıyor ve şunu söylemeliyim ki kolyenin duruşu eski* sevgilimden daha karakterli ...""ulan ahshsaajajjaja :ppp
  "
103,"
yardımınız gerek dostlar ben artık bu trendyolun tüketiciyi hiçe saymasina görmezden gelmesine ve çözüm bulmamasına dayanamıyorum.1 kişi daha fazla bilse kardır benim için.rt lerinizi bekliyorum(#116874164)edit duzeltme
  "
104,"
    bütün kaydırgaçlı götürgeçli yolların kendisine çıkmasının fena halde sıkıcı olmaya başladığı online satış sitesi.
  "
105,"
    bir gün herkes trendyol'dan alışveriş yapacak.acı ama gerçek. tanım: ilk alışverişimi şirket için dezenfektan alarak yapmış olsam da giyim üzerine geniş bir yelpazesi var. kadın kullanıcısı fazla olan ve nerdeyse (kafadan sallıyorum) kullanıcı profilinin yüzde doksanını kadınların oluşturduğu alışveriş sitesi.ekleme: neden acı olduğuna gelirsek bir dönem ben de bu siteden alışveriş yapanları eleştirmiştim nedense. her indirimde sayfalarına koştukları içindi sanırım.
  "
106,"
    asla ve asla alışveriş yapılmaması gereken alışvermeyiş sitesi. yaptıkları kampanyaya göre beğendiğim ürünlerden birini arkadaşıma paylaştığımda ürün ücretinin %5’i (en fazla 75 lirası alınabiliyor) bana kupon olarak gelecekti. ne oldu peki? tabii ki yatırmadılar.nedenine gelelim de nasıl oyun oynuyorlar nasıl rezil bir site görelim. gerçi herkes çoktan gördü de. yerin dibine biraz daha girsinler: arkadaşım ürünü satın aldı, ürün eline geçince iade talebi verdi ama iade süresi geçtiği için ürünü iade etmedi. neyse iade süresi bittikten günler sonra 14 aralık’ta kampanyanın kazanımları bizlere tanımlanacaktı. ürün yaklaşık 4000 lira falan ama %5’i 75 lirayı geçiyor. kampanya kuralları gereği en fazla 75 lira alabiliyorum. tabii ki onu da tanımlamadılar. müşteri temsilcilerinden sadece birinin zekâsı cümle kurmaya ve benim cümleleri anlamaya yetiyordu. o uğraştı ama yine de sonuç alamadım. diğer müşteri temsilcileriyse “siz dolandırıcı olabilir misiniz(!)” kıvamında sorular sorup beni çıldırtmakla meşguldüler. biri de hem arkadaşıma hem bana “ürün teslim edildi.” diye mail atmış. yani ağzımı bozmak istemiyorum ama akıllarında bir problem olmalı aklını sevdiklerimin.daha da alışveriş yapmamı beklemesinler. kaç yıllık müşterileriyim ama artık rezalet kotası doldu taştı...
  "
107,"
    hesabımı askıya alan ve sonrasında aynı telefon numarası ile yeni hesap açmama izin vermeyen site..
  "
108,"
    herkes ürün alırken yaşadığı mağduriyetleri yazmış, ben de ürün satışıyla ilgili yazayım. geçen hafta 2 siparişim adreste olmadığı gerekçesiyle iade geldi. (iade geldiğinde kargo ücretini mecburen ben karşılıyorum) müşteriler haklı olarak adreste olduğum halde niye ürün tarafıma ulaşmadı otomatik iade edildi şeklinde olumsuz yorum yaptılar. (müşteriyle hiçbir şekilde iletişime geçmemek için bilgileri verilmiyor)trendyol ve kargo firmasıyla görüştüm, tabii ki de yapabilecekleri hiçbir şey olmadığını söyledi iki taraf da. bu şekilde süreç kargo firmasının müşteriye teslim etmemesi, kargo ücretlerinin bana girmesi ve müşterinin sadece benim mağazama olumsuz yorum yapması şeklinde tamamlandı. hak mıdır?
  "
109,"
    satıcısı olarak bıktığım, yıldığım platform. müşteri yazıyor, yardım istiyor. hiçbir şey yapmıyolar. aradan zaman geçiyor. müşteri isyan etmeye başlayınca satıcının başına ekşiyorlar. çirkef olmadan, insanlıktan çıkmadan çözüm mözüm yok anlayacağınız. anlatacak çok şeyim var da ne desem gg...
  "
110,"
    son verdiğim siparişlerde hep bir ürünün muhakkak yanlış ya da kusurlu/bozuk geldiği alışveriş sitesi...
  "
111,"
    trendyol zaferimi dinlemeye hazır mısınız?bir perde aldım. satıcı beyaz yazmış. fotoğrafa bakıyorsun beyaz gibi. derken geldi. kargo poşetini açar açmaz gördüm ki perde beyaz değil bildiğiniz krem bazlı bir ekru. (süt beyaz perde bulmanın zorlukları ile ilgili bir başlık varsa oraya da yazacaklarım var.) neyse başladı cendere. şöyle oldu böyle oldu ile hiç uzatmayacağım. ancak altını çizmem gereken yer şurası. trendyol her şeyi tedarikçilerinin üstüne atmış sadece aldığı cukkaya bakıyor. satıcı ürünü siteye yüklüyor. ürünü satıcı gönderiyor. haliyle de iade kararını satıcı veriyor. burada yasa masa hak getire. paranızı almışlar ürün yok. derdini anlatacağın bir mecra yok. trendyol sadece ürün iade talebi açıyor. satıcı reddediyor. o kadar hadsizler ki ürünü göndereceğiz dediler ürün yok ortada. tüketici hakem heyetine gittim. ülkede doğru dürüst çalışan tek kurumlar. var olsunlar. bugün karar bana ulaştı. karar metninde firmanın savunmasını da gördüğümüz için buraya yazmak istedim. son derece umarsızca bir isim soy isim yazmışlar, demişler ki ürünü bu insan satmış, gidin onlardan isteyin. bakın firma adı, dükkan adı, adres telefon değil. isim soy isim. neyse ki hakem heyeti ulan senden almış sen ürünü nerden tedarik ettin müşteriye ne demiş. sonuç olarak geri alacağım paramı. ama allah aşkına, kredi kart numaranızı oraya girene kadar müşterisi olduğunuz bir yer olan trendyolu tanıyın. yazık, hakem heyetlerini meşgul etmeye değmez.
  "
112,"
    reklamlarından dolayı gına getiren ve gıcık kaptıran, asla da alışveriş yapmamaya yemin ettiren alış veriş sitesi. bi site reklamlarıyla kendi den bu kadar nefret ettirebilir. ulan paranızla rezil oluyorsunuz.
  "
113,"
    (bkz: herkesin her şeyi satabiliyor olması)
  "
114,"
    siparişimi iptal edip müşteri memnuniyeti kapsamında 10 tlik (yazıyla on ) indirim veren ve artık mekanın sahibi olmayan firma. tahminim amazon artık tek alışveriş yapacağım yer olacak bu gidişle.
  "
115,"
    gördüğüm en salakça ""sms onayı"" sistemine sahip site. son siparişteki adres değiştiğinde, yani farklı bir adrese gönderim yaptığınızda bir önceki adrese kayıtlı telefon numarasından sms onayı istiyor. yani birine hediye gönderdiniz diyelim, daha sonra başka birisine de hediye göndermek isterseniz bu siparişi oluşturabilmek için bir önceki alıcının telefonuna sms onayı gönderiyor. üstelik bunu size sormadan, siparişi tamamla butonuna bastığınızda yapıyor. aslında ikinci bir kişiye hediye göndermenize de gerek yok; kendinize bir şey almak isteseniz de yine bir önceki alıcının onayını istiyor. konuyu müşteri hizmetlerine bildirdiğinizde de adresleri silmenizi ve her siparişe alıcı telefonu yerine kendi telefon numaranızı yazmanızı öneriyorlar. kendileri birine hediye yollarken alıcı numarası yerine kendi numaralarını yazıyorlar demek ki. ayrıca daha önceki siparişlerin adreslerini sileceksem onları en başta sisteminizde siz niye tutuyorsunuz? ben o adresi sakla demedim ki. sen otomatik olarak son sipariş adresi diye kaydediyorsun onu. sms onayı şuraya gelsin gibi bir seçenek de yok, uyarı da yok; siparişi tamamla dediğinde ansızın son siparişteki kişiden onay istiyor.
  "
116,"
    uygulamayı yükelememe rağmen hesabımdan para çektiler. çok sağlıklı değil. hemen farkedip kartımı iptal ettirdim.
  "
117,"
    reklamlarından bıktım. yapacağınız reklamı indirimi sileyim dedim. sileyim demişken dedim sizin yapacağınız uygulamayı da sileyim . sonra dedim lan harbiden niye silmiyorum , baktım çoktan silmişim. heralde sahane cima dönemi yine reklamlardan bıktığım için sildim.
  "
118,"
    bugüne kadar genel olarak memnun kaldığım bir siteydi. ürün ve para iadesi konusunda hiç sorun yaşatmadığı için tercih ediyordum. ülkedeki korkunç ekonomiden sonra milla ürünlerinden kullanmaya başladım, çoğu ürünü fena da değildi. son siparişimde yıkanmış bir pantolon yolladılar bana. etiketi hep akmıştı, yollamak için müşteri fark etmesin de yesin diye ummak gerekiyordu. iade ettim. o günden sonra da uzak durmuştum ama iki gün önce yılbaşı hediyesi aldım birkaç kişiye. milla ürünleri aldım ki ptt kargoya filan vermesinler, kendi ürünlerini hiç vermiyordu çünkü. tedarikçi firma da olmasın arada, sorun yaşarsam çözüm bulayım kolaylıkla istedim. sabah bir kalktım ki ptt kargoya vermişler. siz ülkeyi tekele aldınız, millete ürün yollayıp, ekran kaydırtıp zengin ettiniz, 40 bin takipçili hesaplara bile bizim saatlerce çalışıp parasını kazandığımız ürünleri bedava yolladınız, çuvalla para kazanıyorsunuz da vere vere ptt'ye mi verdiniz? insan utanır ya utanır. iki gün önce 42 gün önce sipariş verdiğim ürünleri getirdi ptt kargo. biz şaşırdık çünkü ptt'den son teslimatı 1,5 sene önce almıştık. eve filan da gelmiyor bu arada, iş yeri, şehirde kime sorsan gösterebileceği bir yer. zaten ürünleri bir ay önce iptal etmiş, para iadesini de almıştım. hepsiburada sorunsuz halletmişti teslimat tarihi geçince. şimdi aynı süreçleri yaşayacağım. üstelik hepsi hediye. zaten kutlama yok, eğlenmek yok. hepimiz evlerde tek başımıza girecegiz. insanları mutlu edelim dedik, paramızla rezil olduk. bu entryi yazıyorum ki kanıt olsun çünkü kargo şubede durdukça trendyol para iadesi yapmayacak. belki iki ay uğraşacağım. şubeye gidip teslim almak isteyince de ""araçta"" diyorlar ki olmuyor asla. çok teşekkür ediyorum kendilerine gerçekten, dünyayı kazandıkları halde ptt gibi bir kargoyla müşterilerini muhatap ettikleri için, hediyeleri p.ç ettikleri için, çok sağ olsunlar.
  "
119,"
    satın aldığınız ürünlere 1 veya 2 yıldız verip yorum yapmak istediğinizde yorumlarınızı kesinlikle yayınlamayan şirket. para verip aldığınız kalitesiz bir ürüne kalitesiz diyemiyorsunuz. ne diyem mahmut mu diyem sevgili trendyol?
  "
120,"
    galiba herkes aynı sorundan muzdarip.yoldan geçen bir kadını tutuyorlar, sonra da üstüne makyaj atarak, eline de 3-5 poşet veriyorlar. en sonda da 5 saniye içinde gülümseterek ""siz de trendyol'dan xxxxxx alın"" dedirtiyorlar. reklamlarından artık kusmak üzereyim yardım edin reklam yapmasa daha itibarı yükselir daha çok kar eder
  "
121,"
    tekrar ediyorum siksen sizden bir şey almam. youtube'un anasını sikmişsiniz reklamlarla. engelle engelle bitmiyor. bir sürü ünlü ünsüz tiplere para vereceğinize gerçek indirim yapsanız zaten alırdık.
  "
122,"
    hiç bir firma hakkında bu kadar büyük konuşmam. bu firmadan ömrüm boyunca bir şey alırsam beni sokak ortasında siksinler. o kadar net konuşuyorum. hayatımda daha tiksindiğim bir reklam stratejisi görmedim. bir de cümle kurmayı bilmeyen ne kadar adam varsa toplamışlar artık bunlar kim youtuber mıdır nedir?marketimiz geldi, düşünün ki m&m ve ıspanak bir poş... (reklamı geç)m&m'inizin de amına koyim ıspanağınızın da. tiksindim artık yeter ulan.
  "
123,"
    piyango bileti, yemek, market alışverişi derken yakında s400, patriot falan da satmaya başlayacağını düşündüğüm site.
  "
124,"
    günlerdir teslim edilemeyen bir ürün için teslimat tarihini geciktiği gerekçesiyle iade başvurusunda bulundum. ancak sevgili trendyol, teslim almadığım ürünü kargo şubesine giderek iade etmemi bekliyor. bunun mantıklı bir açıklaması var mı?
  "
125,"
    estetikten konuşamayacak hale gelmiş tipleri reklam diye gözümüze gözümüze sokan satış şeysi.
  "
126,"
    yaklaşık 6-7 ay önce ınstagram twitter ne varsa kapattım sırf şu estetik, makyaj ve gösteriş budalası influencer denen düşük iqlu amipleri istemeden de olsa görmemek için. o zamandan beri tek yaptığım youtubeda şarkı dinleyip, avrupa yakası izlemek. ama bu amk sitesi yüzünden kopmak mümkün değil en sevdiğin şarkı bitip diğerine geçerken peltek hanım ""argadşlar trenzyolfo hızflımarkedi biliyosufuz meyfevesezbelrt taptze bisegilde gelifo"" diye girince kan beynime sıçrıyor. alın twitterı instagramı tepe tepe kullanın da şu youtube reklamlarını rahat bırakın gözünüzü seveyim.
  "
127,"
    müzmin bir hepsiburada kullanıcısı olarak ben de çağa ayak uydurup biraz da trendyol'dan alışveriş yapayım dedim. ilk izlenimlerim malesef olumsuz oldu.hepsiburada ile kıyaslıyorum otomatik olarak. trendyol'un avantajı mağaza ve ürün çeşitliliği daha fazla sanki. aslında avantaj gibi görünen bu durum dezavantaja dönüşmüş durumda. ürün fiyatlarinin belirlenmesinde mağazalar çok denetimsiz ve standart oluşmamış. malesef kötü arayüz veya optimizasyon algoritması de buna müsaade ediyor. aynı ürünü farklı isimlerde onlarca tane çıkarıyor ve gerçekten iyi satıcı, yüksek puan, düşük fiyat gibi kriterlere göre optimize edemiyor. dip incelemeye girip uzun zaman ayırmak gerekiyor her ürün seçiminizde. aynı ürün farklı mağazalarda uçuk farklarla satilabiliyor.mesela ucuz görünsün diye kargo ücreti dahil etmeyenler oluyor. sepette fiyat kargoyla yükseliyor bu sefer. ürün açıklama kısımları çok yetersiz, çoğunun boş hatta. zaten görmeden bir ürün alıyoruz, mümkün olduğunca bilgi verilecek ki ne memnuniyetsizlik olsun ne de iade işlemlerine gerek kalsın. yorum kısımları da yetersiz göründü biraz.gelelim fiyat performansina... bazı ürünlerde hepsiburadaya göre ucuz çıkabiliyor. ama bu ucuzluk, birisi 320 iken diğeri 305 tl kadar oluyor maksimum. kaldı ki çok az üründe denk geldi. ancak pahalı olan ürünlerde fark fahiş çıkabiliyor. trendyol'da 400 küsür olan ürün hepsiburada'da 100 tl daha ucuzdu. böyle bir piyasa farkı kabul edilemez.üstelik daha vahimi, detaylı baktığımda aynı ürünün aynı mağaza tarafından satis fiyatlarında bile trendyol daha pahalı. yani satıcısı aynı mağaza. trendyol'un komisyonu daha fazla demek oluyor.velhasıl kelam, onu değil bunu tercih edin diyemem. ama bir ürün alirken aynı isimle ve kodla google'a yazın ve fiyatlari kıyaslamayı öğrenin.ben de hangisi ucuzsa ondan almaya devam edeceğim. yalniz şu kullanıcı arayüzünü geliştirmezlerse pek ısınamam trendyol'a. bazi fasiliteler de eksik. mesela eski sipariş gizleme opsiyonu standart vardır bu tür sitelerde ama trendyol'da yok.bir de amazon.com.tr ile ilgili guzel duyumlar aldım. onu da deneyeceğim.
  "
128,"
    reklamları yüzünden adblock kurmak zorunda kaldığım eticaret sitesidir.
  "
129,"
    instagram'da tuttukları ""influencer""ların çoğu bu markayı trentyol şeklinde telaffuz ediyorlar.ben marka olsam adımı yanlış söyleyen kişilerden medet ummazdım, ama marka ne ki influencerı ne olsun. zaten.
  "
130,"
    her yerden reklamı çıkıp duruyor bu nedir arkadaş. alacağım varsa da almam. gittigidiyor ile hepsiburada sağolsun. özgür irademle alışveriş yapmadım. bir kere halama hediye gönderecektim, beğendiği ürün trendyoldaydı ve mecbur indirdim. onu bile üç hafta gibi bir sürede ancak teslim edebildi. başka ürün almadım. reklama para döken hangi marka varsa uzak duracaksın. üstelik satıcıları da mağdur ediyor diye duydum. trendyol’a girmiş ve kazanacağı yerde zarar ettiğini söylüyordu bir arkadaş.
  "
131,"
    burada ürün satıcıları insan satar gibi tanıtım yapmaya başlamış. birçok site böyle olmuş gerçi. bakıyorsun alakasız bir üründe hayvan gibi kadına zoom yapmışlar.geçen tayt reklamı çıktı karşıma, bu ne lan diye tıkladım tıklamaz olaydım. her yer göt odaklı tayt reklamı doldu. ulan hani bu teknoloji çok akıllı falandı, erkeğim oğlum ben kadın taytı niye alayım düş yakamdan. artık bu götlü memeli reklamlardan kurtulmak için google'da bir şey aratıp onlara bakıyorum da kurtuluyorum.alışverişi bile pornoya çevirdiler.
  "
132,"
    müşteri memnuniyetine bu kadar değer vermeyen başka bir site yok! yıllardır alışveriş yaparım, kırkta yılda bir bana özel indirim tanımladılar, onu da süre bitim tarihinden 5 gün önce geri almışlar. yazık!
  "
133,"
    ben sizin reklamınızı da, son fırsatınızı da, yeni yılınızı da, geçmiş yılınızı da mikeyim. reklamlar sayesinde bir firmadan nefret ettiğim ilk defa oluyor sanırım.
  "
134,"
    teknolojik çeşitlilik olarak hepsiburada ve n11'in, özellikle n11'in fersah fersah gerisinde olan platform.
  "
135,"
    ürünlerde son 1, 3 ve 6 aylık fiyat değişimlerini grafik olarak yapmasını beklediğim alışveriş sitesi. böyle bir uygulamaya giderse gerçek satıcıları görmemizi sağlayacaktır.
  "
136,"
    10 bin lira verip aldığınız bilgisayar bir bakmışsınız ptt kargo ile gönderiliyor.eyüp sultana adak mı adarsınız, oruç babaya çaput mu bağlarsınız, bir umut işte.
  "
137,"
    işi gücü üçkağıt alavere dalavere bunların. teslimat noktasından ürünü alırsan 20 lira kupon diyorlar öyle yapınca 24 saat sonra yüklenir 50 lira alt limit 7 günde iptal olur vs vs. baştan söylesene kardeşim bunları niye hep yanıltıyorsun insanları. mümkünse uzak durun bu siteden.
  "
138,"
    herkesin sürekli reklamlarından şikayet ettiği servis.bu reklamlara hiç bir yerde denk gelmediğim için şanslıyım galiba.adguard (bilgisayar ve mobil), youtube premium kullanıyorum.
  "
139,"
    satıcı ile iletişim kurdurmamalarını müşterilerini kaybetmemeleri adına yaptırmalarını anlıyorum.ancak müşteri hizmetleri aracılığı ile basit istekleri satıcıya iletebilme özgürlüğünü kısıtlamaları tamamıyla dikta bir yönetim anlayışıdır.istedim ki aldığım hediyenin içine satıcı bir cümle not yazıversin. ancak katiyen satıcıya toplamda 2 cümleden oluşan isteğimi iletmedi müşteri hizmetleri. ve hattaki hanımefendiye uzun uzun açıkladım bunu neden yapmak istediğimi.saçmalıksayın trendyol yöneticileri siz müşterilerinizin bilgilerinin satıcılarınız tarafından öğrenilmesinden korkuyor iseniz demek ki kendi verdiğiniz hizmete güvenmiyorsunuzdur.bu konuda çiçek sepeti ni örnek gösteririm. satıcıyla iletişim konusunda hiçbir çekinceleri yok ve harikulade bir süsleme, not yazma hizmetleri var.dipnot: yazmak istediğim notta şuydu;''çok şekersin, yağmurda erime diye.'' değdi mi yani şimdi manitaya iki espri yapacağız engellediniz değdi mi.
  "
140,"
    bugün ilk kez alışveriş yaptığım platform. o da tam aradığım şey bir tek burada olduğu için. burasının yerine n11’i seviyorum indekslemesi ve arama daraltma seçenekleri daha işlevsel çünkü.
  "
141,"
    kesinlikle müşterisinin yanında olmayan saçma sapan hizmet veren bir internet sitesi. sakın ha sakın buradan bir elektronik cihaz falan almaya kalkışmayın. bu hatayı ben yaptım çünkü. aldığım iphone se şelale gibi hışırtı yapıyor video çekimlerinde. hemen 1 gün sonra yolladım inceleyip. kabul etmediler. sebebini sorunca da iade kabul etmiyorlarmış elektronik cihazlarda. oğlum kabul etmiyorsanız neden pahalı ürünleri satıyorsunuz? alırken neden iade varmış gibi gösteriyorsunuz ? insanı yoruyorsunuz? ee müşteriyim ben cayma hakkımın da olması lazım. parasıyla rezil olmak bu. dolandırıcılık ayrıca bu bir çeşit.
  "
142,"
    yorumlara neden fotoğraf eklenmediğini merak ettiğim alışveriş sitesi. teknik sebepten olduğunu sanmıyorum. dünyanın alışveriş yaptığı aliexpressde fotoğraf koyabiliyorsun. bu neyin tasası anlamadım ki
  "
143,"
    sürekli igrenç instagram filtreli kızların yılın son fırsatı cart curt diye reklamı çıkıyor. eskiden güzel indirimler oluyordu ama artık tamamen insanları kekliyorlar.
  "
144,"
cimri ve akakçe gibi plaformaları kullananların pek uğramayacağı e-ticaret platformu.aradığım ürünlerin hemen hemen hepsinin en pahalı versiyonu trendyol'da. hepsiburada, n11 ve gittigidiyor'da aynı satıcıların aynı ürünleri daha ucuza sattığına sayısız kez şahit oldum. büyük ihtimalle komisyon etkisidir.satış oranlarına bakıldığında dev gibi büyüyorlar. rekabet kurulu bir inceleme yapar mı diye bekliyorum.
  "
145,"
    artık sıkan uygulama okey bu işler reklamla dönüyor ama b*kunu da çıkarmamak lazım
  "
146,"
    insana zorla youtube premium aldırır. reklamını skim trendyol, reklam sorumluna da, reklam bütçene de, o reklamlarda çıkan kızlarara da, sana bu kadar reklam koyan youtuba da sıradan selamlarımı iletiyorum.
  "
147,"
    dönem dönem indirime girdiklerinde saat 21.00’da tv’de özel indirimli ürünleri gösteriyorlar. gerçekten çok yüksek indirimler oluyor. örneğin 500 tl’lik converse 100 tl’ye, 300tl’lik çam ağacı 40 tl’ye inmiş gözüküyor. fakat ya uygulamaya girilmiyor ya da giriliyor ama ürün ışık hızıyla bitmiş oluyor. merak ediyorum sözlük yazarlarından bu ürünlerden alabilen var mı yoksa tamamen yalan reklam mı yapıyorlar.
  "
148,"
    reklam engelleyici, youtube premium gibi koruyucularınız olmadan internete adım attığınız takdirde, annenizden emdiğiniz sütü burnunuzdan getirmek için and içmiş, ne kadar gereksiz influencer bozuntusu varsa bunları bizlere tanıtan, asla alışveriş yapmadığım ve yapmayacağım firma.
  "
149,"
    (bkz: 21 aralık 2020 trendyol rezaleti)
  "
150,"
    sizin reklamlarınızı allah kahretsin. yeter be yeter. lanet olsun bıktırdınız ya. dünyada son kalan alışveriş sitesi siz olsanız da kendimi bir binanın tepesinden atarım yinede sizden alışveriş yapmam. lanet olsun sizin reklamlarınıza lanet.
  "
151,"
    ah jack ma reyizzz, ne yaptın sen!aliexpressten trendyola düşüren sisteme kızayım ben.
  "
152,"
    farklı tarihlerde satın almış olduğum ürünler hakkındaki yorumlarımın, yayınlanma tarihlerini değiştirip 5 aralık gününe sabitlemiş olan site. genelde ürünü teslim aldıktan çok kısa bir süre sonra yorum yazarım. ancak dün farkettim ki, pek çok yorumumun tarihi 5 aralık. siteden rasgele bir kaç farklı ürünün yorum yayınlanma tarihlerine baktım, hepsi 5 aralık'tı. belki bir o kadar da 4 aralık tarihi vardı. bu tarihlerde, bana oldukça yapay gelen bolca 5 yıldızlı yorum vardı. bu tarihlerde site de bir güncelleme mi oldu, yoksa uydurma yorumlar yoluyla bizleri yanıltmaya mı çalışıyorlar anlamadım. çok mu önemli, kesinlikle değil ama gerçekten tuhaf bir durum. pandemi var, istemesem de online alışverişe devam.
  "
153,"
    kendisinden hiç alışveriş yapmadığım site ama bu gidişle bana zorla youtube premium aldıracak. gerçekten usandırdınız.büyük ihtimalle bu reklam işinden dolayı asla bir çöp bile almayacağım site oldunuz.
  "
154,"
    yeter amk yeter! cidden yeter! reklam ayrı bir şey insanı bezdirmek çok ayrı bir şey! yemin ediyorum bir iğne bile almayacağım sizden yeter!
  "
155,"
    sahte ürün satanları barındıran alışveriş sitesidir. bir satıcı sahte ürün satıyor (birden çok kişiye),ürünü alanlar şikayette bulunuyor,trendyol sahte ürün satan satıcıyı sistemde barındırmaya devam ediyor,trendyol tek seçenek olarak sizi kendi vaktinizden harcayarak ve kendi aracınızı kullanarak ürünü iade etmeyi sunuyor,sahtekar birisi yüzünden yaşadığınız mağduriyete aracı olan trendyol bunun telafisi için hiçbir adım atmıyor, sahte ürünü alırken kullandığınız hediye çekini bile yaşadığınız mağduriyeti göz önünde bulundurup yeniden tanımlamıyor.adamların çalışma ilkesi bu iken hala trendyol üzerinden alışveriş yapıp da sorun yaşamyacağını düşünen var mı?
  "
156,"
    bıktım artık kargoların sürekli gelmeyip iptal olmasından bir ay içinde on ürün iptal olur mu? iq su 50 olan müşteri asistanları koymuşlar yoktan yere empati cümleleri yazıp daha da sinirimi alt üst ediyor.aldığım hiçbir ürün 200? altında değil, ödemeleri de en az on gün sonra yapıyorlar. o kadar iğrençki şu son ürün de çözülsün paramı versinler, uygulamayı tamamen silicem telefonumdan.
  "
157,"
    o kadar mağdur ediyorlar insanları, her mecrada haklarında %99 rezillikleri yazıyor, herkes şikayet ediyor, adlarının geçtiği her yerde anında altına yüzlerce şikayet, küfür vs. yazılıyor, özellikle instagramda her fotoğrafın altına yüzlerce şikayet, küfür, rezillik yazılıyor tüm bunlara rağmen ne utanıyorlar, ne rahatsız oluyorlar, ne bir düzeltme yapıyorlar inanılmaz !!! ulan insanlar suratınıza tükürüyor !!!! farkında değil misiniz hala ? nasıl bir yüzsüzlüktür bu anlamak mümkün değil... suratınıza tükürüyoruz lan daha ne yapalım !!!edit: imla
  "
158,"
    galiba reklam konusunda en çok boku çıkan platform. milletin zor geçirdiği bu dönemlerde resmen faydalanıyor.
  "
159,"
    tekrar söylüyorum sayın trendy ol...birincisi yılın her günü indirim varsa o zaten normal fiyattır. ikincisi reklam bütçenize bu kadar pay ayırıp bizi uyuz edeceğinize gerçekten indirim yapsanız zaten sizi tercih ederiz. 2020 yılındayız iyi fiyatı bulmak için 50000 tane tanımadığımız instagram ünlüsünün duyurusuna ihtiyacımız yok. son olarak o reklam şirketinizin amk. aynı reklamı farklı farklı şekillerde koymuşsunuz engelle engelle bitmiyor.
  "
160,"
    cok memnunum ben. yaklasık on senedir neredeyse butun parfumlerimi, kozmetik ve bakım urunlerimi kendisinden alıyorum. genelde hep iki-uc gunde sorunsuz elime ulastılar. hep de orjinal olduklarına inandım, hic sorun yasamadım.
  "
161,"
    sitede a ürünü var,bunu almak istiyorum. ouospu cocugu satici b urunu yolluyo.
  "
162,"
    n11 ve morhipo gibi rakiplerini geride bırakmak için ne tarz bir pazarlama taktiği kullandığını merak ettiğim esatış şeysi
  "
163,"
    kısa zaman içerisinde öyle büyük bir patlama yaptı ki bu site, web sitesi app geliştiricilerini tebrik ediyorum. arayüzü gerçekten çok başarılı ve insanı alışveriş yapmaya teşvik ediyor, tam da patronların istediği gibi. kadınların alışveriş sevdası insanlık var olduğu sürece bitmeyeceği için eğer ki büyük bir yönetim hatası yapmazlarsa bu ünlerini koruyacaklardır. fakat reklam anlamında cidden insanları bezdirdiler, bu da yine bir marka stratejisi anlıyorum fakat belli bir düzeyi aştıktan sonra satışlarda geri tepebilir.
  "
164,"
    heryerdeler, heryerdeler !!! bıktım artık sizden, bir şey alacaksam alacağım son yersiniz. alırsam şerefsiz evladıyım !!! iğrenç reklamları olan bir firmasınız. hedefiniz aptallarsa buyrun, aptallar sizin olsun.sevdiğim çoğu instagram sayfasını engelledim sırf size reklam verdiği için. reklamlar nasıl mı? çok ilginç bir ürün koyup, app installer’ına yönlendirme yapılıyor. hepsini hepsini engelledim, engelleyeceğim.indirim yok arkadaş indirim yok !!! olursa akakçe’de, cimri’de çıkar zaten !!!şimdi öven tüm suser’lar istedikleri yere gitsinler. ayda 1000 sipariş versin isterse, yeter be yeter !!!!
  "
165,"
    memnuniyet kuponu tanimladi ama hicbir indirimli urunde kullanilamiyor hahahah! saka gibi bir platform.
  "
166,"
    alacağınız ürünün faturasına ihtiyaç duyacaksanız asla tercih edilmemesi gereken yer. fatura yok, gönderin diyorum ""satıcıya söyledik bize güvenin"" diyorlar. fatura var mı yok. vergi dairesine şikayet etmekle uğraş bir de.
  "
167,"
    son dönem reklamları ile yolda yürürken kolundan tutup bağır çağır dükkanına sokmaya çalışan esnaf kıvamına gelen yer.o kadar dayanılmaz bir hâl aldı ki uygulamayı kaldırdım. yetmedi sms gönderdiler onu da engelledim. son çarem youtube premium olacak sanırım. gıcık oldum hiçbir şey almayacağım lan sizden. defolun lan yettiniz!
  "
168,"
    youtube de efendi efendi trendyol reklamı izliyorum, araya klipler müzikler falan giriyor bazen. yeter ama gerçekten.
  "
169,"
    şu an yorum yazıyorum üstte reklamı varsöyleyeceklerim bu kadar
  "
170,"
    sen ve senin gibi sürekli reklam yapanlardan bıktık.1000 liralık ürünü 500 tl'ye bile verseniz almam.amazon'da ürünler çok daha pahalı bile olsa tercihim amazon olacaktır.şükür ki sizde aboneliğimiz yok.tanım: ölsem de bir şey almayacağım online alışveriş sitesi.
  "
171,"
    sevgili trendyol,bir kampanyanız bitiyor, bir başka kampanyanız başlıyor. tam kasım bitti diyoruz hoop bu haftasonu bilmemnesi, yok yılbaşı bilmemnesi, o bu şu. tuvalete girdiğimde oynadığım candy crushta bile sizin reklamınız var. açtığım her, her, her youtube videosunda sizin reklamınız var. reklam müziğinizi duyunca tüylerim ürperiyor artık. o kadar fazla reklam veriyorsunuz ki bir süredir bilinçli olarak sizden alışveriş yapmıyorum. aslında hesabımı kapatmak isterdim ama dünyanın en aptal uygulaması olan 'çıktı alın, imzalayın' prosedürünüz var. çünkü çakalsınız. üstelik pandemideyiz.neyse edeceğim küfrü hala edemedim, sadede geliyorum.günde 3 ila 5 saat arası uyuduğum bir dönemdeyim, yoğunum. haliyle o 3 ile 5 saatlik uyku verimimi maksimize etmek, hemen uykuya dalıvermek filan için meditasyon müzikleri ya da asmr dinleyerek uyuyorum. huzurlu huzurlu battaniye üstü yorganımın altına girip zifiri karanlıkta kulaklıklarımı takıp yumuş bir pozisyonda kıvrılıp minnoş minnoş meditasyon müziği videomu açıyorum kihooooop! dın dın- dın- dın trendyol nokta kom!allah belanızı versin lan. kaç gecedir küfrediyorum size. kasım bitti efsane aralık geldi, o bitecek kesin yeni yılın ilk alışverişi indirimi filan diye yine sabahın 4'ünde insanların uykuya hazır bedenlerini o boktan müziğiniz ve artık kusma noktasına geldiğimiz reklamlarınızla irkecek, huzur kaçıracaksınız. bakın psikolojik olarak değil, artık fiziksel olarak bedenim tepki veriyor. fiziksel tepkilere geçtim ya anlatabiliyor muyum?yeter da. yeter!edit: verilen tavsiyeler icin tesekkur ediyorum lakin o tavsiyelerin hicbirini uyurken yapamam arkadaslar. sagolun yine de.edit2: candy crush oynayan adama da 'oyun deneyimini yükseltecek bilmemneler trendyolda' diye reklam gösteriyorlar, komik biraz be. ama trajikomik.
  "
172,"
    yarak kürek ürünlere “ve ve ve ve...” diye reklam yapmaktan utanmayan oluşum.ve ve ve ve...çay. bildiğin çayı fırsat ürünü diye kakalamaya çalışıyorlar allah’ım sen sabır ver.
  "
173,"
    reklamlarından gına getirmiş, mide bulandırmış şirket. hakikaten yeter artık. yemin ederim internetten bir şey alacağım zaman en ucuzunu bunlar satıyor olsalar da almıyorum ve bundan sonra da almayı düşünmüyorum. çevremdeki insanlar da illallah etmiş durumda. bir firma nasıl kendinden bu kadar nefret ettirir, gün be gün görüyoruz. şirketin pazarlama departmanı bambaşka kafalar yaşıyor herhalde.
  "
174,"
    arkadaşlar bizzat şu indirimlerin başladığı gün 1550 liraya birşey bakıyordum,bekledim.bakalım fiyat düşecek mi diye ? aman allahım birde ne göreyim ! 1150 tl olan ürün 2200 lira olmuş , üstü çizilip 1650 liraya düşmüş. iyiki varsın trendyol !!!be amına kodum sayın yetkilisi bu reklamlara paraları çarçur edeceğinize adam gibi kamu yararına indirim yapsanıza.
  "
175,"
    sosyal medyadaki askerlerinin ve reklamlarının neredeyse teldeki alarmdan bile çıkmasının verdiği rahatsızlık sırasında gözden kaçırılan yeni bombasının elit üyeliği ürün fiyatı toplamı 3000 tl'ye yükseltmesi olan site. pes arkadaşım, doymuyorsunuz.
  "
176,"
    inşaallah tüm çalışanlarınızla beraber batıp iflas edersiniz lan. yeter amk yeter, youtube premiuma geçtim hala ordan burdan reklamı çıkıyor. her şeyin bir sınırı var. inşallah batarsınız da o gun ben de bayram ederim.
  "
177,"
    aktif olarak kullanıyor olmama rağmen reklamlarından dolayı tiksindim iyice. bir de hızlı market belası çıktı, nerede video açsam aşırı makyajlı ve koca tırnaklı kadınların market uygulamasını övdüğü reklamlar çıkıyor.protez tırnaklarıyla gösteriyor nimeti, yiyeceği, midem kalkıyor hepten.kullanmayacağım bir süre, kendimce tepki koyuyorum. he bir de param yok, fakirken bir şeyi boykot etmek hayli kolay,oley.
  "
178,"
    son sooon sooooooonnnnnnn. sürekli sonunuzun amk diyesim geliyor. inşallah sonunuz olur. güzel bir reklam da çekemiyorlar ki. irrite ediyorlar insanı.
  "
179,"
    benim için 2020 kabuslarından biri. hala devam ediyor reklamları. umarım 2021'de daha az görürüm.
  "
180,"
    ilkokul terk, türkçe konuşamayan “influencer”ların “bakın arkadaşlar size özel kod kaptım ahanda link de yaptım kaydırın” demesi midemi bulandırdı artık yaaa her yerden çıkıyorlar yetti canımaulan zaten birşey alacaksam senin sözüne, senin zevkine mi güveneyim vitaminsiz köylü kendine hayrı yok link yapmış indirm kodu kapmış bana!!çer çöpü allayıp pullayarak satan bir site
  "
181,"
    binaları yansa, paraya kıyıp bir tanker benzinle gideceğim yerdir. o derece nefret ediyorum kendilerinden reklamlarına soktoğumunun sitesi! internete girersin karşında trendyol! youtube'da video açarsın karşında trendyol! yola çıkarsın karşında trendyol! metroya binersin karşında trendyol! otobüse binersin karşında trendyol! yeter lan!
  "
182,"
    sorun yaşarsanız çözümsüzlükten başka birşey sunmayan alışveriş sitesi. mesela size gelmemiş ayakkabıları teslim aldınız diye direnip işinize gelmiyorsa dava açın diyebilir. nerden biliyorum çünkü bana dediler. ha bide yaptığınız yorumlar negatifse yayınlamıyorlar. üç beş pahalı olsun ancak sorun yaşadığınızda çözeceğiniz bir alışveriş sitesi olsun.
  "
183,"
    100 yorumdan 99'unun memnuniyetsizlik belirttiği firma.çılgınlar gibi satış yapıyor ama. aranızdan birileri yalan söylüyor. eğer bu kadar şikayet edip eliniz hala bu siteye gidiyorsa kusura bakmayın ama enayisiniz ve başınıza gelecek her şeyi hak ediyorsunuz.
  "
184,"
    eskiden hep trendyoldan alışveriş yapardım. hatta ciddi indirimler yaptıkları zamanlar günün buriklerini açıklarlardı. erkenden uyanır indirimli ürünleri yakalardık. baya güzel şeyler gelirdi. şimdi o kadar reklam veriyorki hiçbir şeyi buradan almıyorum. almamaya çalışıyorum. ayda üç kere muhteşem indirim yapmalarından bıktım. her yerde olmalarından bıktım.
  "
185,"
    sanırım yüzde yetmiş beşi çin asıllı alibaba sanal alışveriş sitesine aitmiş.insanlara virüsü bulastirdilar sıra tvlere televizyonlara geldi sanırım, adamlar resmen 2020 yılını manipüle ettiler. bu kadar insanların sinir eşiğini zorlamanin kime ne faydası var.
  "
186,"
    (bkz: arkadaşlar bu bir virüs olabilir mi)
  "
187,"
    verdiği reklamlar her anlamda youtube'a çalışıyor. youtube hem reklamdan parasını kazanıyor; hem de bunun reklamından bıkıp da premiuma geçenlerden kazanıyor. ben trendyol vesilesiyle premiuma geçtim. öğrenci paketi 9 tl. bir paket sigara az içerim. kafamı dinlerim.not : zaten sigara kullanmıyorum. türkiye'de bu tarz hesaplamalarda bir paket sigara esas alınır.fa
  "
188,"
    en son alışverişimi sanırım 2 sene önce yaptım. şöyle indirim böyle indirim diyip sepette yine aynı fiyata getirip ödeme aşamasına geçiyor. 2.ürün 1tl kampanyasını seçiyorsunuz 59.90lık aynı üründen 2 tane sepete atıp 60.90lık bir sepet beklerken 78.90lık bir sepet çıkıyor. kupon uygulamak isterseniz 20 tl kuponu uyguladığınızda genel toplamadan 11tl düşüyor.kısaca hesap kitap yapmayanları güzel seviyor dediğim alışveriş sitesi.
  "
189,"
    influencer videolarıyla illallah ettirmiş bıktırmış sitedir. alacağım birkaç kalem ürün var. o kadar antipatik hale geldi ki fiyat karşılaştırma için bile trendyoldan bakmıyorum. hepsiburada dan bakıp amazondan alıyorum. alacağım reklamı premium olup seçme imkanı olsa sadece trendyolu engelleyip bırakırım.
  "
190,"
    ben bunlardan prezervatif almıştım iki kutu şu kadar diye. sonra eve bir kutu geldi, meğer bedava kutuyu sepete eklememisim. bir insan aynı yerden bir defa sikilir.
  "
191,"
    mermer takı standı bakıyorum bu sitede. satıcısı stadivarius. ilan açıklamasında mermer takı standı yazıyor. yorumlarına bakıyorum. ahşaba mermer görüntüsü vermişler mermer diye satıyorlar yazıyor. eline gelince anlıyorsun tabanı mermer diye aldığın standın aslında tahta olduğunu. 90 lira da fiyat çekmişler tahta ve demir çubuklarageri iade etmeye üşenenleri yolup yollarına bakıyorlar. işte böyle bir site
  "
192,"
    alışverişlerinize yorum yaptığınızda ""sana özel"" indirim kuponu veriyor. geçen yaptığım alışverişe kupon gelmişti. diğer hesabımdan da aynı şeyi yaptığımda ertesi gün kupon tanımlandığını gördüm. bilginize.
  "
193,"
    marketing konusunda gram bilgisi yoktur bu firmanın. youtubeda 10 dk video izliyorsunuz karşımıza trendyol çıkıyor resmen boğuyor bir süre sonra utanmadan birde 200 lira olan ürünü 400 tl yapıp %45 indirim diye 210 liraya satiyorlar . cok zekisiniz müşteriyi yolunacak kaz yerine koymanız cok onurluca.edit: youtube kanallarında kendi videolarının yorum sekmesini kapatmışlar neden acaba :) yakında like ve dislike butonunu da kaldırırlarsa şaşırmayın
  "
194,"
    reklamları bıktırmıştır.(bkz: #116646108) şu entrymi yazdığım günden bu yana her gün her başlık altında sütyen külot fantezi iç çamaşırı meme ucu açık sütyen vs bilimum cinsel seks uyandıran ürünleri görmekten gına geldi abi. yahu almıyorum. malın tekinin açtığı başlıkta bir trendyol ürününe tıkladım. (bkz: ya meraktan ya yaraktan)tıkladığım ürün sikimsonik birşey olsa da teknik olarak erkek kategorisinde. (öyle erkeğin de..) yahu ne sikimsonik algoritmanız var. 7/24 telefonumu izliyor dinliyorsun zaten google. günde milyon kere telefon bilgisayar araştırıyorum, gıda ürünlerine bakıyorum. yahu onlarla ilgili bir ilan göstermezken şu sürede bir kere bile tıklamamama rağmen trendyolda satılan tüm iç çamaşırlarını öğrenmiş oldum. hayır hedef kitle de değilim amk. boşuna.
  "
195,"
    diktatör olsam ilk yapacağım bu şirketin faaliyetlerine ne pahasına olursa olsun son vermek olurdu.her açıdan zararlı buluyorum bu firmayı dandik çin mallarını türkiye'ye itelemek suretiyle inanılmaz bir cari açık üreteci.reklamlarıyla 7'den 70'e insan psikolojisini bozuyor.türk kadınını öyle bir ele geçirmiş ki, resmen çalışan kadının performansını yarı yarıya azaltıyor. ofis çalışanlarının %50'si işinden çok bu siteye bakıyor.ahlaki sınırları zorlayan reklamları her an her sayfadan fırlıyor.yeter!
  "
196,"
    sipariş verdim.kablo siparişi.usb to hdmi diye vermiştim., display port to hdmi vermişim.ürün geldi, paketini dahi açmadan yanlış olduğunu farkedip 2 saat içerisinde iade ettim.iadem kabul edilmedi.sebep: ürün yanlış değil.müşteri hizmetlerine sordum, bu ne demek diye; o da bilemedi.bu sebeple iadem geri gönderiliyor.rezalet.komik.yok rezalet.ve ben bu kabloyu ne yapacağımı bilmiyorum.aldığınız ve hiç açmadığınız ürünlerin iadesini kabul etmeyen site.iade kabul etmiyorlar.hiçbir koşulda.ona göre alışveriş yapın.
  "
197,"
    kargoda ürün kayboldu mu, o zaman geçmiş olsun size. iadesini beklemeyin, yapmıyor. kurumsallıktan uzak, ciddiyeti olmayan bir firma. nereden mi biliyorum? bir ayı aşkın iade bekleyen bir ürünüm var ve görüştüğüm yaklaşık 7-8 müşteri temsilcisi de ben ilgileneceğim deyip kapatıyor telefonu... tüketici hakem heyetinde buluşacağız kendileri ile.(ürün kendi gönderdikleri süreçte kargoda kaybolmuştur. buna rağmen ne ürün var ne iade)
  "
198,"
    kargo da bir ürün kayboldu. 10 gün sonra iade ettiler. sonra bir sabah kapı çaldı kargo gelmiş. firma nasılsa bulmuş ve getirdi teslim etti. ben para mı iade aldım. üründe geldi üstüne üstlük. az parada değil. 200 tl civarı. müşteri temsilcisine bağlandım durumu anlattım isterseniz ürünü iade edebilirsiniz isterseniz ödeme yapabilirsiniz dediler. ödeme yaptım teşekkür ettiler. ufak bir hediye kuponu da sağladılar.saçma sapan reklamları olabilir ama bugüne kadar bir sıkıntı yaşamadım. her iadem kabul edildi. ürünlerim zamanında geldi.
  "
199,"
    ozellikle youtube reklamlari biktirdi. alacagim varsa da almam artik. kimsenin tanimadigi acayip sozde fenomenlerin, kendilerini telefonlarinin on kameralari ile cektigi, samimiyetten uzak reklamlardan bahsediyorum. bu sosyal medya reklamlari ile kim ilgieniyor bilmiyorum ama olmamis
  "
